Team, Net, AdjOff, AdjDef, AdjPace, NetSOS, OffSOS, DefSOS
Michigan,45.07,134.36,89.3,71.25,19.31,102.1,121.41
Duke,42.35,131.06,88.7,66.62,15.32,103.12,118.44
Illinois,40.86,138.72,97.86,65.38,15.37,103.47,118.85
Arizona,39.9,129.77,89.87,70.72,16.48,103.22,119.7
Iowa State,36.99,127.37,90.37,67.88,12.17,104.18,116.35
Purdue,36.62,136.34,99.71,64.41,18.58,102.59,121.17
Florida,36.3,127.88,91.58,70.68,15.32,104.81,120.13
Houston,34.91,124.45,89.54,64.11,14.73,104.06,118.79
Gonzaga,32.93,123.43,90.5,69.22,6.55,107.77,114.32
Michigan State,32.0,125.86,93.85,66.77,15.86,104.28,120.14
UConn,31.79,125.47,93.68,64.72,14.66,103.16,117.82
Vanderbilt,31.31,129.84,98.54,68.83,15.56,104.27,119.83
Alabama,31.13,132.34,101.2,73.71,18.96,102.96,121.92
Arkansas,30.35,132.75,102.4,71.7,16.3,104.24,120.55
Virginia,30.15,127.06,96.91,65.89,10.33,106.26,116.59
St. John's,30.01,124.21,94.2,69.53,14.76,102.68,117.44
Texas Tech,29.86,127.54,97.68,66.86,18.94,102.23,121.17
Louisville,29.84,125.79,95.95,70.07,13.49,103.73,117.22
Nebraska,29.45,121.87,92.42,66.97,15.14,104.68,119.82
Tennessee,29.19,123.74,94.55,66.14,17.49,104.01,121.5
BYU,28.15,127.77,99.62,70.42,15.78,102.78,118.57
Iowa,27.72,127.41,99.69,63.26,14.49,103.93,118.42
Kansas,27.48,120.67,93.19,68.21,18.4,100.84,119.24
Ohio State,26.65,128.5,101.86,66.31,15.12,103.52,118.64
Wisconsin,26.08,129.45,103.38,68.76,15.23,103.93,119.16
UCLA,24.92,125.15,100.23,65.0,14.26,104.27,118.53
Georgia,24.66,127.67,103.01,72.35,10.44,106.51,116.94
North Carolina,24.59,123.19,98.6,68.27,14.81,103.36,118.16
Utah State,24.27,126.95,102.68,67.44,9.18,105.95,115.13
Kentucky,23.75,121.97,98.22,69.05,15.65,104.09,119.74
Saint Mary's,23.63,120.84,97.21,65.38,5.65,107.35,113.0
Texas,23.37,128.78,105.41,66.93,15.19,104.45,119.64
Miami,23.26,122.28,99.02,68.32,8.52,106.99,115.51
NC State,22.9,126.38,103.48,69.47,13.54,104.64,118.18
SMU,22.89,126.05,103.16,69.09,11.57,105.28,116.84
Auburn,22.7,128.62,105.93,67.53,15.83,104.13,119.96
Indiana,22.23,123.82,101.58,66.47,12.75,104.72,117.47
Clemson,22.07,120.17,98.09,64.23,10.67,105.34,116.01
Villanova,21.37,122.48,101.12,65.82,12.43,104.82,117.24
Santa Clara,21.11,124.46,103.35,69.62,7.02,106.08,113.11
Saint Louis,20.85,120.05,99.2,71.75,1.09,109.01,110.1
Texas A&M,20.69,124.36,103.67,71.11,10.65,107.08,117.73
Baylor,20.27,125.53,105.26,68.15,15.16,102.54,117.7
Oklahoma,19.38,126.27,106.88,67.13,10.81,106.33,117.14
Washington,19.05,120.39,101.34,67.47,13.46,105.01,118.47
Cincinnati,18.74,112.17,93.43,67.99,10.9,104.76,115.66
TCU,18.72,119.44,100.72,67.61,11.05,104.99,116.05
New Mexico,18.66,118.82,100.16,70.28,4.66,107.83,112.49
San Diego State,17.69,116.0,98.31,69.27,9.39,106.23,115.62
South Florida,17.41,120.54,103.13,72.21,2.3,109.23,111.53
Boise State,16.9,124.87,107.97,65.58,9.12,106.38,115.5
VCU,16.88,118.92,102.05,69.2,4.25,107.74,111.99
Seton Hall,16.86,110.67,93.81,65.89,9.74,105.84,115.58
Northwestern,16.56,119.45,102.89,65.36,14.9,104.68,119.59
LSU,16.54,123.45,106.92,67.44,11.41,106.03,117.45
West Virginia,16.23,115.42,99.19,63.53,9.63,105.61,115.24
UCF,15.55,122.18,106.63,69.46,12.41,103.56,115.97
Virginia Tech,15.51,120.94,105.43,67.51,8.99,106.5,115.49
Wake Forest,15.49,119.6,104.12,69.28,11.25,105.24,116.48
Missouri,15.1,120.3,105.2,66.53,10.58,107.0,117.58
Stanford,15.06,118.99,103.93,68.01,10.15,104.38,114.53
California,14.95,116.66,101.71,68.61,6.42,107.04,113.46
Colorado,14.36,121.27,106.91,68.85,11.96,104.92,116.88
Providence,14.23,125.87,111.65,71.95,11.05,103.91,114.97
Oklahoma State,14.0,121.13,107.13,72.84,12.16,104.22,116.38
Tulsa,13.76,123.04,109.29,68.47,1.7,109.15,110.84
Butler,13.69,119.75,106.06,69.25,9.55,105.31,114.85
Florida State,13.34,117.27,103.93,71.28,10.48,105.31,115.79
Ole Miss,13.12,116.55,103.43,66.93,14.64,105.51,120.15
Grand Canyon,13.05,111.7,98.65,68.6,2.59,109.38,111.97
USC,12.67,116.53,103.86,71.04,13.96,104.84,118.81
Arizona State,12.29,115.68,103.39,70.15,15.04,103.82,118.86
Creighton,12.16,116.98,104.82,68.36,13.9,102.49,116.39
Nevada,11.98,116.16,104.18,67.0,6.54,107.26,113.8
Dayton,11.69,112.05,100.37,67.41,3.19,108.6,111.79
Wichita State,11.64,114.48,102.84,67.71,1.12,110.57,111.69
Minnesota,11.24,113.05,101.81,63.58,10.49,106.9,117.39
Marquette,11.14,112.64,101.5,69.99,11.94,105.27,117.21
Oregon,10.35,114.3,103.95,66.69,15.34,103.53,118.87
Syracuse,10.27,115.88,105.6,68.4,10.78,104.27,115.05
Northern Iowa,10.23,108.92,98.69,63.17,1.16,109.07,110.23
George Washington,9.97,116.33,106.36,69.99,1.63,108.39,110.02
Kansas State,9.94,115.62,105.68,72.66,12.75,104.41,117.16
Xavier,9.84,118.48,108.64,70.75,11.43,103.64,115.07
McNeese,9.78,115.0,105.22,66.76,-4.52,111.16,106.64
Belmont,9.76,118.53,108.77,69.71,-3.0,110.45,107.45
Georgetown,9.75,115.29,105.54,66.53,9.03,105.11,114.14
Colorado State,9.73,117.81,108.08,64.23,4.78,108.33,113.11
Notre Dame,9.46,117.47,108.01,67.34,10.56,104.67,115.23
Wyoming,9.24,116.05,106.81,66.72,4.05,108.78,112.83
Mississippi State,9.04,115.23,106.19,69.85,15.14,104.7,119.83
Akron,8.5,117.38,108.88,70.76,-6.93,114.64,107.71
High Point,8.48,117.44,108.96,70.5,-11.78,115.73,103.95
Illinois State,8.41,110.53,102.12,67.04,-0.24,110.58,110.34
South Carolina,8.36,113.02,104.66,67.15,9.87,107.55,117.42
Pittsburgh,8.27,115.3,107.03,64.22,10.61,105.53,116.15
Utah,7.7,117.23,109.53,67.49,13.33,103.64,116.97
DePaul,7.19,107.21,100.02,66.88,6.68,107.13,113.81
George Mason,6.77,113.39,106.62,63.95,0.2,110.28,110.49
Utah Valley,6.42,112.74,106.32,68.99,-3.68,110.24,106.56
Yale,6.36,119.34,112.98,65.43,-6.48,113.71,107.23
UNLV,6.21,115.29,109.08,70.38,6.51,107.08,113.59
Miami (OH),5.38,118.58,113.2,70.14,-7.06,114.42,107.37
Pacific,4.55,111.61,107.06,64.65,2.18,108.65,110.83
San Francisco,4.2,114.87,110.68,66.37,3.14,107.99,111.13
Hawai'i,4.17,107.19,103.02,69.8,-5.62,111.94,106.32
Seattle U,4.05,103.16,99.11,68.48,2.02,109.68,111.7
Rutgers,4.01,111.72,107.71,67.42,11.27,104.88,116.15
Maryland,3.86,111.19,107.34,66.52,15.12,104.04,119.16
California Baptist,3.76,106.23,102.47,66.48,-5.33,111.8,106.47
Fresno State,3.5,109.44,105.95,67.55,5.68,107.89,113.56
Memphis,3.45,109.36,105.91,70.21,6.14,107.76,113.9
Richmond,3.13,111.9,108.77,68.5,-2.26,110.93,108.67
Hofstra,3.12,112.47,109.35,65.09,-5.27,111.95,106.67
Stephen F. Austin,3.1,110.15,107.05,66.27,-7.65,112.75,105.1
UIC,3.02,110.35,107.33,66.98,-0.5,110.03,109.53
UC Irvine,2.93,104.11,101.18,68.93,-4.02,111.21,107.19
North Texas,2.86,106.39,103.52,65.53,-0.77,111.31,110.54
UAB,2.83,110.08,107.24,69.82,-3.89,112.28,108.39
Florida Atlantic,2.67,110.34,107.67,70.45,1.58,109.16,110.73
Davidson,2.61,109.53,106.92,64.22,1.88,108.52,110.4
Murray State,2.31,114.37,112.06,72.06,-1.72,110.74,109.02
Saint Joseph's,2.31,107.09,104.78,69.02,-0.12,109.59,109.47
Bradley,2.28,114.34,112.05,68.0,-1.3,109.41,108.11
Duquesne,2.23,112.49,110.26,69.08,0.7,109.48,110.18
Penn State,2.2,113.66,111.45,68.22,11.73,105.91,117.64
Southern Illinois,2.12,104.54,102.42,69.61,-1.18,110.13,108.95
Sam Houston,2.09,111.37,109.28,70.94,-2.22,111.83,109.61
Washington State,1.9,113.28,111.38,68.63,4.58,107.17,111.75
Rhode Island,1.9,107.06,105.16,66.59,-1.42,110.51,109.09
Liberty,1.69,116.08,114.39,64.62,-3.86,111.49,107.64
UNC Wilmington,1.42,109.39,107.97,65.58,-8.58,113.97,105.39
St. Thomas-Minnesota,1.25,111.27,110.03,68.83,-9.81,115.73,105.92
St. Bonaventure,1.04,114.81,113.77,67.57,-1.02,109.58,108.55
Boston College,0.87,103.77,102.9,66.76,4.95,108.0,112.94
UC San Diego,0.86,105.84,104.98,67.79,-4.96,111.54,106.59
Georgia Tech,0.09,105.9,105.81,71.5,3.62,107.73,111.35
North Dakota State,-0.22,109.9,110.13,67.45,-8.93,114.29,105.37
UT Rio Grande Valley,-0.39,107.69,108.08,67.89,-4.65,111.62,106.97
Temple,-0.48,111.6,112.08,65.14,-3.57,111.14,107.56
UC Santa Barbara,-0.88,113.84,114.73,65.1,-5.14,111.0,105.86
Montana State,-1.36,111.14,112.49,66.55,-4.43,113.9,109.47
East Tennessee State,-1.69,108.35,110.04,66.57,-12.71,117.86,105.15
Middle Tennessee,-1.94,111.42,113.36,66.16,-0.32,109.89,109.56
Oregon State,-2.06,110.45,112.51,65.6,3.17,107.79,110.96
William & Mary,-2.13,108.31,110.44,73.25,-6.86,113.42,106.56
Portland State,-2.14,103.65,105.78,68.46,-6.61,115.33,108.72
Idaho,-2.18,107.77,109.95,67.66,-5.63,113.97,108.34
Charlotte,-2.19,114.25,116.44,63.86,-0.21,110.01,109.81
Loyola Marymount,-2.2,105.93,108.13,67.59,-0.55,110.53,109.98
Kennesaw State,-2.25,109.14,111.39,71.6,-3.41,111.51,108.09
Valparaiso,-2.29,107.49,109.77,65.86,-1.04,109.97,108.93
Toledo,-2.41,111.81,114.22,68.43,-4.2,113.46,109.26
Fordham,-2.85,102.22,105.08,65.12,-5.57,112.08,106.51
Northern Colorado,-2.86,112.9,115.76,69.04,-6.28,113.99,107.7
Bowling Green,-2.92,104.36,107.29,68.79,-8.71,115.17,106.46
Troy,-2.98,112.52,115.5,65.71,-7.97,114.2,106.23
New Mexico State,-3.04,109.4,112.44,67.22,-5.25,112.14,106.88
Kent State,-3.04,111.0,114.04,70.94,-6.09,114.17,108.08
Drake,-3.04,110.74,113.78,67.89,-0.09,109.05,108.96
Wright State,-3.19,110.43,113.62,67.4,-7.73,116.09,108.36
Charleston,-3.31,106.81,110.12,68.03,-6.5,113.64,107.14
UC Davis,-3.68,106.69,110.37,69.57,-3.17,110.45,107.29
Arkansas State,-3.69,109.57,113.25,72.97,-8.43,114.37,105.93
Austin Peay,-4.03,106.15,110.18,68.98,-11.8,118.21,106.4
Winthrop,-4.14,108.59,112.73,70.71,-8.07,114.78,106.71
Western Kentucky,-4.16,107.72,111.88,70.17,-4.01,112.78,108.78
Pennsylvania,-4.19,106.71,110.9,69.66,-3.34,112.4,109.06
Oakland,-4.25,112.82,117.07,70.33,-2.78,112.78,110.0
Robert Morris,-4.33,110.53,114.86,65.22,-8.61,116.07,107.46
Towson,-4.51,101.77,106.27,64.5,-3.95,112.43,108.48
Cal State Fullerton,-4.56,107.32,111.88,72.85,-2.49,110.68,108.19
UT Arlington,-4.7,100.08,104.78,65.48,-4.52,111.51,106.99
Furman,-4.79,106.76,111.55,66.74,-9.8,116.93,107.13
Mercer,-4.82,109.31,114.13,69.6,-9.75,116.81,107.06
Central Arkansas,-4.85,107.83,112.68,68.62,-9.44,117.32,107.88
Navy,-4.93,104.29,109.22,65.83,-16.44,117.98,101.54
Tulane,-4.95,107.28,112.23,67.76,0.13,109.16,109.29
Cal State Northridge,-5.19,107.21,112.4,73.74,-4.24,110.89,106.66
Massachusetts,-5.24,110.02,115.26,70.64,-7.9,114.9,107.0
Indiana State,-5.3,106.62,111.92,68.62,-0.47,108.85,108.39
San José State,-5.3,112.52,117.82,64.91,6.84,107.5,114.33
Florida International,-5.31,106.77,112.08,72.31,-3.02,112.16,109.14
Portland,-5.63,104.76,110.38,68.82,2.89,108.5,111.39
Harvard,-5.79,105.18,110.97,63.63,-8.98,115.23,106.25
Marshall,-5.81,108.99,114.8,70.37,-9.86,115.76,105.9
Louisiana Tech,-5.82,101.25,107.07,64.83,-6.75,114.02,107.27
Missouri State,-5.95,109.87,115.82,65.46,-4.6,112.15,107.55
Monmouth,-6.11,105.19,111.29,67.46,-7.02,112.2,105.17
Eastern Washington,-6.27,111.62,117.9,68.25,-2.51,111.63,109.12
Columbia,-6.28,107.68,113.97,67.78,-9.62,115.57,105.95
Northern Kentucky,-6.53,108.13,114.66,70.18,-9.77,117.62,107.86
Montana,-6.54,104.29,110.83,69.83,-3.16,113.2,110.04
Utah Tech,-6.68,111.31,117.99,67.4,-2.3,108.71,106.41
Cornell,-6.76,116.8,123.56,72.06,-6.52,113.77,107.25
Rice,-6.83,108.82,115.65,66.64,-1.48,110.5,109.02
Texas A&M-Corpus Christi,-6.92,99.97,106.89,67.0,-4.09,111.44,107.34
Weber State,-7.01,110.1,117.11,68.95,-5.87,113.1,107.23
Jacksonville State,-7.13,103.78,110.91,65.31,-6.8,113.36,106.56
South Alabama,-7.24,107.52,114.76,65.91,-9.08,115.2,106.13
Marist,-7.3,97.29,104.58,67.02,-16.12,117.69,101.56
Campbell,-7.46,107.71,115.18,70.55,-2.72,110.97,108.25
South Dakota State,-7.55,106.73,114.27,67.52,-6.31,112.93,106.62
Buffalo,-7.56,110.98,118.54,67.01,-8.24,114.43,106.19
App State,-7.69,103.84,111.53,63.69,-10.52,116.11,105.59
Queens University,-7.69,114.63,122.32,70.11,-7.87,116.21,108.35
Siena,-7.81,104.76,112.57,65.03,-14.97,116.31,101.34
Cal Poly,-7.86,108.45,116.32,74.12,-2.62,109.85,107.23
San Diego,-7.9,107.19,115.09,68.5,0.96,108.75,109.71
Youngstown State,-8.01,103.78,111.8,67.58,-10.14,117.34,107.2
Lipscomb,-8.15,103.02,111.17,70.64,-8.96,116.41,107.46
Drexel,-8.43,101.26,109.69,64.9,-9.85,113.89,104.04
La Salle,-8.67,102.95,111.62,66.73,3.51,107.49,111.0
Tarleton State,-8.98,104.02,112.99,70.15,-4.84,109.82,104.98
James Madison,-9.35,107.84,117.19,66.65,-10.03,114.94,104.9
Elon,-9.68,111.93,121.62,67.26,-6.54,113.0,106.46
Howard,-9.69,102.22,111.91,69.44,-17.01,117.42,100.42
East Carolina,-9.82,103.07,112.88,69.08,-1.09,111.3,110.21
Merrimack,-9.82,102.9,112.73,63.74,-12.56,115.03,102.47
New Orleans,-9.86,106.94,116.8,70.55,-3.74,110.48,106.74
Ohio,-10.17,108.1,118.27,68.26,-6.02,113.01,106.98
Denver,-10.2,113.28,123.47,68.64,-3.67,112.78,109.12
UNC Asheville,-10.25,103.67,113.91,64.89,-8.66,115.46,106.8
Idaho State,-10.53,109.01,119.54,65.22,-4.64,112.34,107.7
Lamar,-10.6,101.91,112.51,66.35,-7.61,112.61,105.01
Long Beach State,-10.61,103.24,113.84,69.26,-1.95,109.88,107.94
Stony Brook,-10.71,104.3,115.01,67.11,-8.86,112.75,103.89
Old Dominion,-10.87,103.92,114.79,69.43,-8.77,115.46,106.69
Southern Miss,-10.88,102.92,113.79,69.55,-8.71,114.43,105.72
UTEP,-10.99,101.3,112.29,65.62,-4.07,111.66,107.59
Samford,-11.1,107.25,118.35,67.85,-12.0,117.28,105.28
Pepperdine,-11.12,105.73,116.85,68.32,1.63,108.44,110.07
UT Martin,-11.14,97.66,108.79,65.4,-15.4,115.97,100.56
Radford,-11.17,106.22,117.39,71.0,-11.37,116.02,104.64
UMBC,-11.24,104.96,116.19,66.8,-20.99,119.57,98.58
Long Island University,-11.27,101.92,113.19,68.76,-12.97,116.16,103.19
Quinnipiac,-11.48,102.61,114.08,70.09,-13.22,115.48,102.26
Detroit Mercy,-11.53,104.43,115.97,68.91,-7.96,115.53,107.57
Tennessee State,-11.64,106.15,117.79,71.15,-13.47,114.76,101.3
Green Bay,-11.67,108.9,120.57,63.61,-7.28,115.58,108.3
Eastern Michigan,-11.94,100.56,112.5,67.01,-5.37,113.14,107.78
Georgia Southern,-12.06,107.95,120.01,70.84,-10.62,114.83,104.21
Florida Gulf Coast,-12.18,105.03,117.21,67.9,-8.97,116.29,107.32
Abilene Christian,-12.22,97.7,109.93,68.17,-3.84,111.07,107.23
Western Carolina,-12.39,106.95,119.34,68.12,-7.33,114.86,107.53
Charleston Southern,-12.47,104.76,117.23,71.95,-10.99,115.63,104.65
Sacramento State,-12.59,105.29,117.89,72.42,-2.85,112.35,109.49
Wofford,-12.7,105.91,118.61,68.16,-11.87,118.2,106.33
UC Riverside,-13.1,101.18,114.28,69.0,-2.21,110.17,107.96
Nicholls,-13.11,102.88,116.0,68.77,-5.39,111.52,106.14
Coastal Carolina,-13.34,102.06,115.4,67.09,-10.29,114.89,104.61
Omaha,-13.4,104.04,117.45,67.37,-7.61,114.34,106.73
Texas State,-13.45,101.15,114.6,66.75,-12.13,115.81,103.68
Colgate,-13.69,106.64,120.33,67.5,-13.33,117.48,104.15
Southeast Missouri State,-13.78,100.4,114.17,68.6,-14.35,115.72,101.38
Loyola Chicago,-13.85,103.44,117.29,65.91,1.0,108.89,109.9
Iona,-14.22,101.92,116.15,69.84,-15.34,116.98,101.63
Incarnate Word,-14.25,105.64,119.89,65.44,-6.39,111.88,105.48
Milwaukee,-14.32,105.03,119.35,67.76,-7.41,115.58,108.17
Purdue Fort Wayne,-14.37,102.45,116.82,68.22,-6.55,115.36,108.81
Saint Peter's,-14.4,101.62,116.01,65.69,-14.19,115.92,101.73
Dartmouth,-14.51,103.04,117.55,69.55,-7.09,114.56,107.47
Vermont,-14.59,103.71,118.3,65.12,-19.84,119.07,99.23
American University,-14.76,102.06,116.82,67.51,-11.53,115.69,104.16
North Dakota,-14.86,104.63,119.5,67.53,-7.9,114.52,106.63
Longwood,-14.98,103.92,118.9,69.32,-14.65,116.65,101.99
Fairfield,-15.02,102.81,117.83,67.8,-16.18,116.86,100.68
Presbyterian,-15.12,101.26,116.38,64.8,-9.19,114.93,105.74
Western Michigan,-15.22,104.88,120.1,68.26,-6.11,113.24,107.14
South Dakota,-15.33,104.75,120.08,70.64,-10.61,115.88,105.28
Southern Utah,-15.4,102.66,118.06,71.09,-1.89,109.29,107.39
Hampton,-15.47,100.48,115.95,66.09,-8.98,113.59,104.61
Northeastern,-15.56,104.54,120.1,70.31,-6.28,113.22,106.95
Boston University,-15.84,109.67,125.52,63.33,-16.08,117.75,101.67
Delaware,-15.99,104.09,120.08,63.49,-6.13,112.68,106.55
Lindenwood,-16.04,96.59,112.63,72.95,-14.38,115.36,100.98
SIU Edwardsville,-16.13,96.59,112.73,65.18,-18.11,117.57,99.45
SE Louisiana,-16.17,97.4,113.57,66.13,-7.7,112.55,104.85
Northwestern State,-16.17,100.67,116.84,65.22,-7.62,112.42,104.81
Central Michigan,-16.3,102.48,118.78,67.7,-6.65,113.35,106.7
Oral Roberts,-16.31,100.34,116.65,68.29,-5.91,114.45,108.54
Evansville,-16.47,99.29,115.76,67.56,2.74,108.25,110.99
North Carolina A&T,-16.5,102.38,118.88,69.42,-9.88,115.21,105.32
South Carolina Upstate,-16.6,99.31,115.91,68.37,-9.31,114.46,105.15
Bethune-Cookman,-16.82,101.22,118.05,69.52,-11.47,115.37,103.9
Brown,-16.84,95.61,112.45,67.52,-10.05,115.85,105.81
Princeton,-17.14,101.29,118.43,64.16,-7.42,114.58,107.16
Mercyhurst,-17.15,99.0,116.15,65.18,-17.8,118.26,100.46
Chattanooga,-17.21,102.85,120.06,67.73,-11.86,118.09,106.23
Houston Christian,-17.4,99.6,116.99,64.96,-8.56,113.78,105.22
Southern,-17.42,102.67,120.08,70.36,-11.53,115.34,103.81
Le Moyne,-17.65,98.95,116.6,69.8,-16.92,118.15,101.23
Mount St. Mary's,-17.69,95.76,113.45,68.71,-13.83,115.87,102.04
Northern Arizona,-17.72,101.92,119.64,64.65,-4.47,113.25,108.79
Eastern Kentucky,-17.8,107.06,124.85,67.94,-9.44,116.59,107.15
Lehigh,-18.01,100.59,118.6,67.36,-13.65,117.12,103.48
Grambling,-18.32,94.09,112.42,67.73,-16.23,117.6,101.37
Bellarmine,-18.4,112.48,130.88,64.64,-9.7,116.47,106.77
UNC Greensboro,-18.58,107.19,125.76,68.28,-10.96,116.92,105.96
West Georgia,-18.65,99.73,118.39,69.76,-10.99,118.79,107.8
Jacksonville,-18.77,103.26,122.03,63.45,-8.62,115.82,107.2
Ball State,-18.88,94.81,113.69,64.23,-8.7,115.58,106.88
Georgia State,-19.01,96.05,115.06,68.2,-8.97,114.35,105.39
East Texas A&M,-19.11,97.47,116.58,69.39,-5.46,111.73,106.27
IU Indianapolis,-20.04,103.1,123.14,74.21,-8.84,116.03,107.19
Morehead State,-20.17,103.15,123.32,65.96,-13.99,115.47,101.48
Central Connecticut,-20.28,102.37,122.65,65.63,-18.3,117.97,99.67
Sacred Heart,-20.36,104.48,124.84,68.92,-15.33,115.96,100.63
Louisiana,-20.64,96.44,117.08,63.95,-9.76,114.41,104.65
Norfolk State,-21.07,99.11,120.18,68.57,-17.27,116.94,99.67
UTSA,-21.09,97.37,118.46,68.94,0.89,109.51,110.4
Eastern Illinois,-21.13,94.73,115.87,66.53,-11.47,114.42,102.95
Stetson,-21.56,100.98,122.54,67.7,-8.94,115.89,106.95
Cleveland State,-21.69,105.97,127.66,69.95,-7.54,115.41,107.86
Cal State Bakersfield,-21.7,98.36,120.06,71.03,-5.28,111.23,105.95
Alabama A&M,-21.91,98.85,120.75,66.0,-17.73,118.12,100.4
Northern Illinois,-22.17,95.43,117.59,67.89,-6.3,113.77,107.47
Prairie View A&M,-22.34,97.64,119.98,70.74,-15.12,117.48,102.36
Tennessee Tech,-22.45,97.38,119.83,67.65,-14.48,115.34,100.86
Lafayette,-22.54,97.7,120.24,66.69,-12.46,116.53,104.07
Alabama State,-22.63,96.22,118.85,69.78,-14.19,115.66,101.47
Florida A&M,-22.7,92.35,115.05,68.8,-15.24,118.06,102.82
Little Rock,-22.74,96.95,119.69,67.05,-13.62,114.5,100.88
Holy Cross,-23.26,97.93,121.19,66.39,-12.3,116.75,104.45
Arkansas-Pine Bluff,-23.34,99.62,122.96,69.6,-11.97,115.98,104.02
Wagner,-23.63,100.2,123.83,66.05,-16.78,117.04,100.27
Bucknell,-23.98,93.54,117.51,67.78,-11.4,116.36,104.96
North Florida,-24.06,104.01,128.07,70.97,-6.74,114.2,107.46
Air Force,-24.11,93.54,117.65,66.84,4.38,108.25,112.63
Texas Southern,-24.14,100.62,124.76,68.72,-13.42,115.93,102.51
Loyola Maryland,-24.15,99.79,123.94,69.53,-15.15,117.59,102.44
UMass Lowell,-24.6,97.33,121.93,69.92,-16.27,118.15,101.88
New Haven,-24.9,92.14,117.04,63.98,-13.93,115.75,101.83
Southern Indiana,-25.0,92.39,117.39,68.69,-16.14,116.93,100.78
Stonehill,-25.42,91.32,116.75,66.12,-17.17,117.57,100.4
Fairleigh Dickinson,-25.47,96.39,121.86,64.44,-13.84,115.86,102.02
UAlbany,-25.72,98.15,123.87,65.55,-15.72,117.52,101.8
Manhattan,-25.98,101.8,127.78,68.6,-15.53,116.53,101.0
North Alabama,-26.43,97.56,123.99,65.41,-10.34,117.48,107.14
NJIT,-26.94,91.69,118.63,68.35,-15.78,116.65,100.87
Army,-27.12,99.8,126.92,67.13,-13.92,117.39,103.46
The Citadel,-27.2,99.52,126.73,65.41,-10.2,116.0,105.8
Maine,-27.39,87.18,114.57,65.39,-17.58,118.43,100.85
Maryland Eastern Shore,-28.13,92.24,120.38,63.92,-14.81,117.32,102.51
Niagara,-28.22,95.17,123.39,62.99,-14.71,116.43,101.72
Canisius,-28.45,91.67,120.12,64.79,-14.58,116.63,102.05
New Hampshire,-28.73,94.96,123.69,67.74,-16.34,117.45,101.12
Chicago State,-29.0,95.94,124.95,66.27,-10.43,113.83,103.4
UL Monroe,-29.34,98.38,127.72,70.65,-9.48,114.15,104.67
Jackson State,-29.93,95.98,125.91,70.36,-10.64,114.71,104.07
North Carolina Central,-30.31,96.91,127.21,66.35,-15.72,116.5,100.78
Morgan State,-30.69,96.3,126.99,70.62,-18.26,117.23,98.97
Kansas City,-31.15,90.9,122.05,70.42,-6.39,114.38,107.99
St. Francis (PA),-31.16,95.99,127.15,70.75,-11.78,115.42,103.64
Rider,-32.21,92.79,125.0,65.99,-10.31,114.2,103.89
Alcorn State,-32.8,92.62,125.42,68.11,-11.84,115.36,103.53
VMI,-32.97,93.86,126.83,67.69,-10.62,117.25,106.63
Bryant,-33.46,92.05,125.52,64.64,-14.45,115.9,101.45
South Carolina State,-33.55,92.2,125.75,68.54,-16.45,117.79,101.34
Gardner-Webb,-33.64,92.18,125.82,70.21,-4.28,112.66,108.38
Delaware State,-35.45,84.46,119.92,65.88,-17.7,118.42,100.72
Binghamton,-37.25,94.93,132.18,65.66,-19.8,118.99,99.2
Western Illinois,-37.28,91.18,128.46,66.43,-15.38,116.33,100.95
Coppin State,-39.66,87.15,126.81,69.2,-13.53,115.74,102.21
Mississippi Valley State,-45.62,85.15,130.78,67.78,-13.73,116.54,102.81
