Unnamed: 0_level_0_Rk,Unnamed: 1_level_0_School,Overall_G,Overall_W,Overall_L,Overall_W-L%,Overall_SRS,Overall_SOS,Unnamed: 8_level_0_Unnamed: 8_level_1,Conf._W,Conf._L,Unnamed: 11_level_0_Unnamed: 11_level_1,Home_W,Home_L,Unnamed: 14_level_0_Unnamed: 14_level_1,Away_W,Away_L,Unnamed: 17_level_0_Unnamed: 17_level_1,Points_Tm.,Points_Opp.,Unnamed: 20_level_0_Unnamed: 20_level_1,Totals_MP,Totals_FG,Totals_FGA,Totals_FG%,Totals_3P,Totals_3PA,Totals_3P%,Totals_FT,Totals_FTA,Totals_FT%,Totals_ORB,Totals_TRB,Totals_AST,Totals_STL,Totals_BLK,Totals_TOV,Totals_PF
1,Abilene Christian,33,14,19,.424,-7.38,-1.45,,5,13,,9,5,,3,12,,2321,2389,,1325,805,1840,.438,189,603,.313,522,741,.704,369,1047,440,321,91,472,691
2,Air Force,32,3,29,.094,-13.75,4.60,,0,20,,3,15,,0,12,,1969,2556,,1280,696,1637,.425,209,684,.306,368,574,.641,225,931,389,180,76,472,570
3,Akron NCAA,35,29,6,.829,8.48,-2.91,,17,1,,15,0,,9,3,,3075,2590,,1400,1115,2227,.501,376,998,.377,469,621,.755,397,1319,639,261,109,381,549
4,Alabama NCAA,35,25,10,.714,23.03,14.57,,13,5,,12,3,,7,3,,3192,2896,,1410,1052,2312,.455,450,1256,.358,638,832,.767,437,1425,571,225,174,343,646
5,Alabama A&M,33,18,15,.545,-13.31,-10.81,,10,8,,12,5,,4,8,,2378,2393,,1325,784,1798,.436,214,616,.347,596,808,.738,311,1126,387,198,93,376,607
6,Alabama State,32,10,22,.313,-14.49,-8.43,,7,11,,5,4,,4,15,,2341,2473,,1280,814,1952,.417,238,746,.319,475,684,.694,400,1159,396,262,120,418,611
7,Albany (NY),32,11,21,.344,-14.11,-8.29,,7,9,,6,5,,4,13,,2303,2332,,1280,883,1886,.468,235,702,.335,302,457,.661,360,1100,445,221,128,389,538
8,Alcorn State,32,9,23,.281,-20.14,-6.86,,7,11,,5,4,,2,18,,2141,2566,,1282,764,1817,.420,204,612,.333,409,578,.708,301,965,356,246,109,436,565
9,American,32,16,16,.500,-7.25,-6.55,,9,9,,11,6,,5,10,,2387,2283,,1280,843,1876,.449,288,864,.333,413,550,.751,309,1016,428,247,48,338,594
10,Appalachian State,32,19,13,.594,-3.97,-5.87,,11,7,,11,4,,7,8,,2305,2114,,1285,800,1818,.440,254,837,.303,451,703,.642,391,1251,388,157,118,316,500
11,Arizona NCAA,39,36,3,.923,29.78,13.01,,16,2,,16,1,,9,1,,3360,2706,,1565,1183,2372,.499,229,625,.366,765,1042,.734,506,1663,639,287,165,421,619
12,Arizona State,33,17,16,.515,10.41,12.41,,7,11,,10,5,,2,9,,2519,2585,,1320,853,1909,.447,245,733,.334,568,754,.753,337,1096,452,231,151,398,567
13,Arkansas NCAA,37,28,9,.757,21.48,12.32,,13,5,,17,1,,5,5,,3337,2998,,1500,1196,2387,.501,301,788,.382,644,857,.751,404,1333,635,272,191,332,618
14,Arkansas State,32,20,12,.625,-0.93,-4.67,,11,7,,11,4,,9,7,,2655,2471,,1295,897,1988,.451,298,896,.333,563,768,.733,456,1322,504,239,83,456,596
15,Arkansas-Pine Bluff,32,13,19,.406,-15.11,-7.25,,10,8,,7,4,,6,14,,2472,2593,,1285,855,1896,.451,242,706,.343,520,689,.755,329,1076,497,229,93,430,623
16,Army,32,11,21,.344,-15.65,-7.51,,5,13,,6,10,,5,10,,2309,2471,,1305,806,1957,.412,339,1045,.324,358,501,.715,376,1135,481,187,51,381,600
17,Auburn,38,22,16,.579,16.63,12.39,,7,11,,14,4,,2,8,,3154,2993,,1535,1052,2284,.461,316,918,.344,734,987,.744,496,1381,501,284,156,386,646
18,Austin Peay,31,22,9,.710,-2.53,-6.98,,15,3,,12,1,,9,7,,2530,2269,,1240,874,1867,.468,260,725,.359,522,703,.743,331,1100,502,286,75,336,524
19,Ball State,31,12,19,.387,-9.90,-4.59,,7,11,,7,7,,4,11,,2093,2154,,1250,741,1765,.420,218,689,.316,393,566,.694,301,1001,393,235,83,330,492
20,Baylor,34,17,17,.500,14.99,11.47,,6,12,,11,6,,3,7,,2778,2599,,1360,989,2078,.476,275,811,.339,523,712,.735,428,1252,523,220,137,386,550
,,Overall,Overall,Overall,Overall,Overall,Overall,,Conf.,Conf.,,Home,Home,,Away,Away,,Points,Points,,Totals,Totals,Totals,Totals,Totals,Totals,Totals,Totals,Totals,Totals,Totals,Totals,Totals,Totals,Totals,Totals,Totals
21,Bellarmine,32,13,19,.406,-9.36,-5.00,,7,11,,9,5,,2,13,,2561,2614,,1290,907,1741,.521,270,706,.382,477,602,.792,206,892,484,195,55,328,532
22,Belmont,32,26,6,.813,8.57,-0.79,,16,4,,13,2,,11,3,,2684,2347,,1290,963,1874,.514,349,864,.404,409,597,.685,292,1151,595,196,110,402,564
23,Bethune-Cookman,32,17,15,.531,-9.70,-6.76,,14,4,,10,1,,7,11,,2412,2462,,1295,855,1834,.466,182,546,.333,520,754,.690,333,1145,437,225,147,442,580
24,Binghamton,31,8,23,.258,-20.91,-11.01,,4,12,,7,8,,1,14,,2105,2321,,1265,725,1580,.459,164,502,.327,491,659,.745,207,969,361,160,92,382,519
25,Boise State,32,20,12,.625,11.98,7.78,,12,8,,12,4,,6,5,,2502,2351,,1310,821,1814,.453,266,777,.342,594,756,.786,344,1154,415,147,69,373,544
26,Boston College,31,11,20,.355,2.92,6.17,,4,14,,10,7,,1,10,,2090,2191,,1260,740,1815,.408,226,769,.294,384,588,.653,332,1135,351,150,128,322,520
27,Boston University,34,17,17,.500,-8.39,-8.54,,10,8,,10,5,,6,12,,2566,2514,,1395,911,1842,.495,319,811,.393,423,580,.729,282,1097,486,163,111,393,552
28,Bowling Green,32,18,14,.563,0.20,-3.83,,9,9,,10,7,,6,6,,2602,2290,,1285,921,1935,.476,227,658,.345,533,730,.730,326,1153,454,312,114,368,568
29,Bradley,34,21,13,.618,3.20,0.44,,13,7,,14,3,,4,7,,2626,2502,,1405,892,2033,.439,296,827,.358,546,745,.733,344,1163,454,265,106,330,633
30,Brigham Young NCAA,35,23,12,.657,20.39,12.27,,9,9,,12,3,,3,6,,2924,2640,,1405,1034,2173,.476,298,864,.345,558,747,.747,429,1333,465,251,155,376,555
31,Brown,27,9,18,.333,-10.16,-4.92,,3,11,,6,8,,3,10,,1900,1892,,1100,706,1591,.444,187,589,.317,301,441,.683,291,946,420,216,103,347,483
32,Bryant,31,9,22,.290,-18.35,-8.08,,5,11,,8,5,,1,17,,2010,2246,,1255,690,1700,.406,247,812,.304,383,513,.747,305,1032,376,183,130,407,507
33,Bucknell,33,10,23,.303,-14.66,-5.72,,6,12,,6,8,,4,12,,2223,2518,,1336,778,1855,.419,243,793,.306,424,552,.768,303,1037,420,238,59,424,586
34,Buffalo,32,17,15,.531,-3.77,-4.24,,7,11,,7,8,,8,6,,2497,2438,,1290,838,1773,.473,308,805,.383,513,699,.734,289,1013,465,242,87,349,516
35,Butler,32,16,16,.500,10.28,8.44,,7,13,,10,7,,3,8,,2540,2481,,1300,869,1923,.452,220,672,.327,582,809,.719,396,1209,497,208,102,362,490
36,Cal Poly,33,14,19,.424,-4.52,-0.55,,10,10,,8,6,,6,11,,2710,2805,,1325,892,2062,.433,358,1080,.331,568,722,.787,373,1261,451,217,73,501,638
37,Cal State Bakersfield,32,8,24,.250,-13.06,-1.63,,2,18,,6,11,,2,13,,2339,2629,,1280,795,1891,.420,158,545,.290,591,804,.735,366,1114,355,244,157,434,642
38,Cal State Fullerton,34,18,16,.529,-2.18,-0.31,,12,8,,10,4,,6,10,,2822,2778,,1360,962,2133,.451,315,918,.343,583,813,.717,327,1202,548,277,97,391,641
39,Cal State Northridge,34,20,14,.588,-2.34,-1.65,,12,8,,12,3,,7,8,,2767,2713,,1365,1012,2228,.454,243,753,.323,500,750,.667,443,1407,574,234,98,447,616
40,California,34,22,12,.647,11.15,6.82,,9,9,,17,5,,4,6,,2658,2493,,1370,889,1995,.446,314,856,.367,566,726,.780,312,1179,473,206,103,354,630
,,Overall,Overall,Overall,Overall,Overall,Overall,,Conf.,Conf.,,Home,Home,,Away,Away,,Points,Points,,Totals,Totals,Totals,Totals,Totals,Totals,Totals,Totals,Totals,Totals,Totals,Totals,Totals,Totals,Totals,Totals,Totals
41,California Baptist NCAA,34,25,9,.735,2.56,-2.50,,13,5,,15,0,,7,7,,2470,2298,,1375,868,2021,.429,216,646,.334,518,726,.713,470,1360,346,187,97,416,629
42,Campbell,34,16,18,.471,-3.20,-0.45,,8,10,,10,4,,3,13,,2691,2639,,1360,914,2010,.455,244,740,.330,619,853,.726,425,1216,426,228,62,420,601
43,Canisius,31,10,21,.323,-17.00,-7.87,,5,15,,7,8,,3,13,,1951,2184,,1245,676,1686,.401,222,670,.331,377,525,.718,320,1037,372,153,80,393,543
44,Central Arkansas,34,22,12,.647,-1.72,-5.03,,15,3,,14,1,,6,10,,2749,2541,,1385,967,2115,.457,364,1040,.350,451,636,.709,368,1220,553,300,63,369,557
45,Central Connecticut State,30,18,12,.600,-11.55,-10.16,,12,6,,10,4,,8,8,,2215,2127,,1205,803,1704,.471,219,595,.368,390,507,.769,272,1031,414,168,121,317,411
46,Central Michigan,31,10,21,.323,-8.76,-2.76,,6,12,,8,5,,1,15,,2275,2384,,1240,837,1791,.467,201,607,.331,400,572,.699,311,1012,469,205,130,392,547
47,Charleston Southern,32,15,17,.469,-6.83,-6.80,,6,10,,10,4,,5,11,,2670,2563,,1310,942,2060,.457,383,1060,.361,403,623,.647,380,1345,536,155,156,446,694
48,Charlotte,34,17,17,.500,-0.24,1.03,,9,9,,11,6,,4,8,,2492,2530,,1385,853,1871,.456,296,848,.349,490,684,.716,376,1174,444,156,116,406,573
49,Chattanooga,32,13,19,.406,-11.09,-7.16,,7,11,,7,8,,6,9,,2454,2408,,1280,859,1865,.461,338,944,.358,398,519,.767,250,1059,488,170,84,307,606
50,Chicago State,32,7,25,.219,-16.47,-5.12,,5,13,,5,6,,2,19,,2105,2434,,1285,752,1857,.405,185,581,.318,416,561,.742,342,996,375,261,40,335,600
51,Cincinnati,33,18,15,.545,15.15,9.60,,9,9,,15,3,,2,8,,2413,2230,,1325,859,1993,.431,296,872,.339,399,586,.681,367,1231,547,207,140,389,527
52,Clemson NCAA,35,24,11,.686,16.35,9.32,,12,6,,13,3,,6,5,,2582,2336,,1410,886,1960,.452,288,844,.341,522,720,.725,326,1193,446,219,98,322,566
53,Cleveland State,33,11,22,.333,-13.29,-3.25,,6,14,,7,8,,3,13,,2633,2836,,1320,873,1922,.454,357,953,.375,530,704,.753,324,1074,510,186,90,424,630
54,Coastal Carolina,32,19,13,.594,-7.72,-5.97,,11,7,,8,5,,10,7,,2346,2323,,1310,804,1950,.412,286,844,.339,452,620,.729,339,1283,334,140,106,344,586
55,Colgate,33,18,15,.545,-6.26,-5.64,,11,7,,9,5,,6,10,,2522,2462,,1350,928,1936,.479,243,677,.359,423,565,.749,292,1125,482,197,100,334,562
56,College of Charleston,32,21,11,.656,-1.44,-2.86,,14,4,,11,4,,8,4,,2413,2348,,1290,825,1853,.445,208,701,.297,555,758,.732,340,1191,431,180,144,341,535
57,Colorado,33,17,16,.515,10.48,10.08,,7,11,,13,5,,2,8,,2645,2632,,1335,924,1978,.467,245,697,.352,552,725,.761,330,1142,510,209,110,342,583
58,Colorado State,34,21,13,.618,8.19,4.92,,11,9,,12,6,,6,5,,2574,2416,,1360,854,1762,.485,333,864,.385,533,692,.770,297,1098,537,182,71,402,571
59,Columbia,28,16,12,.571,-2.85,-4.24,,5,9,,9,5,,7,7,,2146,2007,,1130,799,1681,.475,222,625,.355,326,474,.688,359,1099,443,164,84,365,460
60,Connecticut NCAA,40,34,6,.850,23.42,12.02,,17,3,,15,2,,9,2,,3064,2608,,1610,1112,2354,.472,331,963,.344,509,703,.724,475,1464,722,273,202,435,727
,,Overall,Overall,Overall,Overall,Overall,Overall,,Conf.,Conf.,,Home,Home,,Away,Away,,Points,Points,,Totals,Totals,Totals,Totals,Totals,Totals,Totals,Totals,Totals,Totals,Totals,Totals,Totals,Totals,Totals,Totals,Totals
61,Coppin State,31,7,24,.226,-24.92,-8.19,,5,9,,3,6,,4,15,,2032,2493,,1245,704,1722,.409,185,606,.305,439,651,.674,348,1009,362,198,107,477,572
62,Cornell,28,15,13,.536,-1.98,-3.14,,8,6,,7,4,,8,8,,2477,2335,,1130,869,1754,.495,362,922,.393,377,508,.742,295,985,597,168,79,327,536
63,Creighton,34,16,18,.471,10.16,10.19,,9,11,,10,6,,4,8,,2556,2557,,1365,897,2003,.448,329,965,.341,433,567,.764,314,1195,524,192,96,383,490
64,Dartmouth,27,11,16,.407,-8.52,-3.20,,5,9,,5,8,,6,8,,2047,2071,,1085,676,1534,.441,272,753,.361,423,568,.745,238,953,375,135,99,329,433
65,Davidson,34,20,14,.588,4.21,2.86,,10,8,,11,7,,7,5,,2447,2309,,1375,871,1915,.455,308,855,.360,397,607,.654,329,1130,472,225,149,348,576
66,Dayton,37,25,12,.676,9.01,4.17,,12,6,,14,4,,8,5,,2743,2564,,1495,886,1989,.445,279,824,.339,692,918,.754,327,1216,524,304,143,427,617
67,Delaware,31,10,21,.323,-8.83,-2.63,,6,14,,5,10,,4,10,,2098,2293,,1265,720,1617,.445,268,744,.360,390,495,.788,197,947,376,175,95,373,450
68,Delaware State,31,8,23,.258,-22.69,-10.95,,2,12,,5,7,,2,14,,1896,2185,,1250,685,1721,.398,145,490,.296,381,553,.689,307,967,328,237,58,408,527
69,Denver,32,15,17,.469,-6.12,-2.40,,8,8,,9,5,,6,11,,2650,2650,,1280,927,1931,.480,283,745,.380,513,664,.773,333,1087,371,147,64,315,571
70,DePaul,32,16,16,.500,7.32,6.63,,8,12,,11,7,,4,7,,2248,2226,,1280,788,1812,.435,230,707,.325,442,639,.692,329,1064,480,221,110,385,573
71,Detroit Mercy,32,17,15,.531,-5.81,-3.38,,12,8,,9,5,,7,9,,2471,2475,,1280,870,1957,.445,210,603,.348,521,672,.775,392,1203,418,191,102,362,621
72,Drake,34,14,20,.412,-1.34,1.03,,6,14,,6,11,,4,7,,2552,2544,,1370,881,1991,.442,311,910,.342,479,666,.719,326,1202,458,186,105,348,571
73,Drexel,33,17,16,.515,-4.98,-4.73,,10,8,,12,4,,4,9,,2247,2221,,1320,805,1839,.438,258,737,.350,379,573,.661,358,1162,438,201,122,414,551
74,Duke NCAA,38,35,3,.921,30.15,12.15,,17,1,,15,0,,10,1,,3102,2418,,1520,1079,2198,.491,332,957,.347,612,840,.729,471,1529,634,281,129,405,588
75,Duquesne,33,18,15,.545,3.27,2.23,,9,9,,12,6,,5,7,,2584,2481,,1340,888,1936,.459,285,847,.336,523,732,.714,353,1158,499,257,101,414,639
76,East Carolina,31,11,20,.355,-5.80,0.36,,6,12,,7,10,,4,8,,2217,2401,,1255,771,1841,.419,166,576,.288,509,723,.704,388,1133,365,199,122,379,498
77,East Tennessee State,34,23,11,.676,-0.79,-7.48,,13,5,,13,4,,8,6,,2638,2356,,1370,948,1942,.488,252,736,.342,490,659,.744,317,1146,481,297,111,346,557
78,East Texas A&M,32,11,21,.344,-11.20,-2.24,,6,16,,6,8,,4,13,,2246,2385,,1280,793,1831,.433,274,849,.323,386,570,.677,300,1059,515,233,102,414,542
79,Eastern Illinois,33,13,20,.394,-13.84,-6.21,,8,12,,9,6,,3,13,,2214,2321,,1335,791,1850,.428,180,557,.323,452,615,.735,330,1083,404,256,101,411,542
80,Eastern Kentucky,32,11,21,.344,-10.43,-4.83,,7,11,,8,7,,3,13,,2568,2619,,1300,877,2007,.437,360,1018,.354,454,626,.725,407,1153,468,224,99,376,588
,,Overall,Overall,Overall,Overall,Overall,Overall,,Conf.,Conf.,,Home,Home,,Away,Away,,Points,Points,,Totals,Totals,Totals,Totals,Totals,Totals,Totals,Totals,Totals,Totals,Totals,Totals,Totals,Totals,Totals,Totals,Totals
81,Eastern Michigan,31,10,21,.323,-6.02,-1.82,,4,14,,7,7,,3,14,,2191,2279,,1250,808,1813,.446,186,578,.322,389,534,.728,309,1100,392,184,129,370,564
82,Eastern Washington,33,14,19,.424,-2.36,-0.86,,11,7,,8,4,,5,13,,2576,2606,,1330,914,1918,.477,239,667,.358,509,685,.743,336,1065,448,195,112,404,598
83,Elon,32,14,18,.438,-5.74,-3.27,,6,12,,8,8,,6,9,,2500,2492,,1300,872,1934,.451,286,834,.343,470,651,.722,383,1136,475,221,95,346,542
84,Evansville,32,7,25,.219,-9.23,3.27,,3,17,,5,10,,1,12,,2143,2447,,1290,755,1764,.428,250,763,.328,383,524,.731,249,1003,420,168,107,412,509
85,Fairfield,34,21,13,.618,-8.11,-9.11,,11,9,,12,4,,7,8,,2528,2432,,1365,924,2144,.431,258,769,.336,422,594,.710,473,1308,416,227,122,346,512
86,FDU,32,11,21,.344,-15.19,-7.64,,8,10,,8,6,,3,15,,2150,2245,,1285,744,1803,.413,254,820,.310,408,578,.706,385,1130,386,161,49,377,553
87,Florida NCAA,35,27,8,.771,27.74,12.14,,16,2,,14,1,,8,2,,3050,2504,,1400,1084,2241,.484,259,830,.312,623,875,.712,557,1580,596,232,175,412,619
88,Florida A&M,31,15,16,.484,-14.33,-9.27,,11,7,,8,4,,5,11,,2183,2312,,1245,758,1741,.435,213,654,.326,454,651,.697,331,1059,397,251,93,469,558
89,Florida Atlantic,33,18,15,.545,3.68,1.84,,9,9,,11,4,,4,8,,2596,2453,,1335,932,2021,.461,259,780,.332,473,666,.710,394,1279,436,194,177,406,581
90,Florida Gulf Coast,34,16,18,.471,-6.63,-5.26,,8,10,,11,6,,3,11,,2631,2598,,1375,962,2119,.454,270,833,.324,437,608,.719,406,1255,500,263,123,373,631
91,Florida International,32,15,17,.469,-2.00,-0.66,,8,12,,12,6,,3,10,,2580,2492,,1295,907,1986,.457,233,664,.351,533,774,.689,420,1214,475,293,148,416,574
92,Florida State,33,18,15,.545,11.10,8.67,,10,8,,11,6,,6,5,,2652,2572,,1320,901,2050,.440,343,1037,.331,507,711,.713,380,1166,473,261,129,361,603
93,Fordham,32,17,15,.531,0.09,-1.12,,8,10,,11,7,,4,6,,2235,2095,,1285,839,1907,.440,215,732,.294,342,491,.697,398,1227,459,235,69,365,501
94,Fresno State,32,13,19,.406,3.38,4.54,,7,13,,10,8,,2,10,,2331,2330,,1280,813,1827,.445,238,743,.320,467,627,.745,307,1103,409,213,70,405,533
95,Furman NCAA,35,22,13,.629,-2.91,-5.38,,10,8,,11,5,,7,5,,2671,2479,,1415,955,2010,.475,311,947,.328,450,649,.693,374,1314,546,166,115,417,528
96,Gardner-Webb,33,4,29,.121,-22.51,-2.01,,1,15,,3,10,,0,16,,2248,2820,,1320,811,1897,.428,227,735,.309,399,583,.684,282,1013,335,209,81,450,582
97,George Mason,33,23,10,.697,5.97,1.07,,11,7,,17,3,,4,6,,2418,2237,,1320,833,1765,.472,209,615,.340,543,742,.732,323,1151,413,166,99,348,507
98,George Washington,35,19,16,.543,8.27,2.57,,8,10,,12,4,,4,8,,2848,2597,,1405,984,2123,.463,351,995,.353,529,731,.724,442,1313,548,260,125,450,628
99,Georgetown,34,16,18,.471,9.07,8.36,,6,14,,10,7,,4,8,,2503,2479,,1375,869,1973,.440,221,694,.318,544,735,.740,382,1212,502,220,121,363,606
100,Georgia NCAA,33,22,11,.667,18.46,8.89,,10,8,,14,4,,6,4,,2951,2635,,1340,1013,2169,.467,324,960,.338,601,801,.750,432,1258,487,277,199,352,559
,,Overall,Overall,Overall,Overall,Overall,Overall,,Conf.,Conf.,,Home,Home,,Away,Away,,Points,Points,,Totals,Totals,Totals,Totals,Totals,Totals,Totals,Totals,Totals,Totals,Totals,Totals,Totals,Totals,Totals,Totals,Totals
101,Georgia Southern,37,21,16,.568,-6.71,-6.25,,8,10,,9,5,,7,8,,2994,2949,,1495,985,2251,.438,370,1099,.337,654,878,.745,398,1263,414,299,135,386,709
102,Georgia State,32,10,22,.313,-11.81,-4.81,,7,11,,7,7,,3,12,,2253,2391,,1285,725,1890,.384,260,817,.318,543,693,.784,343,1123,371,221,101,348,588
103,Georgia Tech,31,11,20,.355,2.57,6.22,,2,16,,10,9,,1,9,,2287,2400,,1245,817,1849,.442,215,613,.351,438,616,.711,330,1149,489,188,122,415,558
104,Gonzaga NCAA,35,31,4,.886,23.94,5.82,,16,2,,15,0,,8,2,,2950,2316,,1405,1119,2215,.505,227,682,.333,485,686,.707,420,1396,643,293,128,336,583
105,Grambling,33,14,19,.424,-12.50,-10.27,,7,11,,7,5,,4,13,,2321,2314,,1320,779,1812,.430,219,688,.318,544,743,.732,341,1107,396,266,94,481,616
106,Grand Canyon,32,20,12,.625,10.96,3.99,,13,7,,13,4,,6,5,,2420,2197,,1285,827,1818,.455,225,707,.318,541,718,.753,330,1158,410,211,115,391,592
107,Green Bay,33,18,15,.545,-5.25,-3.28,,12,8,,10,4,,6,9,,2469,2470,,1331,842,1734,.486,233,644,.362,552,721,.766,250,1033,460,148,90,345,559
108,Hampton,32,13,19,.406,-8.94,-4.84,,7,11,,10,2,,2,12,,2237,2264,,1290,768,1854,.414,205,697,.294,496,692,.717,399,1154,386,209,104,358,617
109,Harvard,29,17,12,.586,-1.89,-4.35,,10,4,,8,4,,9,6,,2032,1934,,1175,737,1592,.463,221,638,.346,337,422,.799,241,936,408,208,105,323,395
110,Hawaii NCAA,33,24,9,.727,4.45,-3.10,,14,6,,16,3,,6,5,,2626,2328,,1330,890,1939,.459,246,779,.316,600,813,.738,366,1288,454,217,132,443,584
111,High Point NCAA,36,31,5,.861,7.27,-6.34,,15,1,,17,1,,7,2,,3230,2565,,1450,1099,2253,.488,339,961,.353,693,931,.744,419,1313,589,381,136,333,666
112,Hofstra NCAA,35,24,11,.686,4.16,-1.96,,12,6,,10,2,,9,8,,2641,2336,,1410,914,2074,.441,333,900,.370,480,644,.745,435,1369,446,175,128,372,597
113,Holy Cross,33,11,22,.333,-13.97,-7.10,,5,13,,6,8,,4,14,,2251,2418,,1320,796,1826,.436,219,683,.321,440,582,.756,252,1031,358,189,59,335,515
114,Houston NCAA,37,30,7,.811,26.24,11.70,,14,4,,15,1,,6,3,,2844,2306,,1485,1027,2293,.448,324,934,.347,466,603,.773,473,1371,540,279,141,308,664
115,Houston Christian,32,12,20,.375,-10.00,-3.86,,8,14,,9,5,,3,13,,2147,2309,,1285,758,1721,.440,194,628,.309,437,627,.697,327,1021,446,213,126,398,489
116,Howard NCAA,35,24,11,.686,-4.26,-10.42,,11,3,,11,4,,7,6,,2722,2420,,1404,916,1999,.458,244,687,.355,646,885,.730,428,1268,563,292,122,463,667
117,Idaho NCAA,36,21,15,.583,-0.58,-2.21,,9,9,,9,4,,7,9,,2800,2618,,1445,956,2153,.444,355,1011,.351,533,728,.732,380,1341,447,210,86,379,649
118,Idaho State,33,13,20,.394,-5.91,-1.98,,5,13,,8,6,,3,12,,2459,2513,,1326,841,1860,.452,253,767,.330,524,710,.738,363,1098,393,173,139,366,582
119,Illinois NCAA,37,28,9,.757,26.69,12.23,,15,5,,14,3,,8,2,,3079,2544,,1500,1049,2276,.461,391,1132,.345,590,756,.780,494,1519,524,137,171,323,496
120,Illinois State,36,23,13,.639,6.51,1.46,,12,8,,14,2,,7,7,,2688,2466,,1445,960,2064,.465,314,890,.353,454,644,.705,342,1278,492,200,85,409,598
,,Overall,Overall,Overall,Overall,Overall,Overall,,Conf.,Conf.,,Home,Home,,Away,Away,,Points,Points,,Totals,Totals,Totals,Totals,Totals,Totals,Totals,Totals,Totals,Totals,Totals,Totals,Totals,Totals,Totals,Totals,Totals
121,Illinois-Chicago,35,19,16,.543,3.14,0.44,,12,8,,9,5,,7,9,,2640,2470,,1420,941,2063,.456,215,669,.321,543,745,.729,445,1263,514,276,126,421,585
122,Incarnate Word,31,12,19,.387,-7.31,-2.74,,7,15,,9,6,,2,12,,2302,2285,,1240,805,1801,.447,266,706,.377,426,595,.716,365,1062,362,167,77,346,548
123,Indiana,32,18,14,.563,16.40,10.40,,9,11,,14,4,,3,8,,2501,2309,,1295,849,1793,.474,314,906,.347,489,627,.780,263,1037,531,149,86,325,585
124,Indiana State,32,11,21,.344,-3.11,0.29,,4,16,,8,7,,3,12,,2354,2383,,1305,866,1864,.465,267,837,.319,355,525,.676,298,1122,560,198,103,439,514
125,Iona,32,18,14,.563,-7.35,-8.07,,10,10,,11,3,,6,8,,2363,2340,,1305,832,1899,.438,306,871,.351,393,556,.707,317,1139,447,212,95,384,519
126,Iowa NCAA,37,24,13,.649,19.20,10.93,,10,10,,14,3,,3,8,,2758,2452,,1485,962,1974,.487,302,848,.356,532,692,.769,327,1085,555,253,71,352,642
127,Iowa State NCAA,37,29,8,.784,26.62,10.27,,12,6,,16,1,,5,5,,3033,2428,,1480,1090,2235,.488,332,867,.383,521,772,.675,438,1307,643,333,97,378,591
128,IU Indy,32,7,25,.219,-12.64,-4.34,,3,17,,5,9,,2,15,,2673,2825,,1285,1013,2204,.460,308,946,.326,339,466,.727,360,1037,648,284,102,384,706
129,Jackson State,33,12,21,.364,-19.78,-6.27,,10,8,,7,3,,4,15,,2318,2764,,1330,753,1936,.389,263,838,.314,549,724,.758,375,1122,345,208,98,459,638
130,Jacksonville,32,12,20,.375,-11.03,-5.36,,7,11,,8,4,,3,14,,2339,2349,,1290,835,1836,.455,227,695,.327,442,616,.718,355,1085,386,212,94,359,620
131,Jacksonville State,32,15,17,.469,-3.61,-2.95,,10,10,,10,7,,5,8,,2325,2188,,1290,779,1776,.439,249,695,.358,518,756,.685,350,1176,386,198,98,366,549
132,James Madison,33,18,15,.545,-5.22,-5.50,,9,9,,11,4,,5,10,,2460,2437,,1330,854,1876,.455,277,796,.348,475,673,.706,350,1212,413,172,139,385,619
133,Kansas NCAA,35,24,11,.686,20.42,14.36,,12,6,,14,2,,5,6,,2629,2417,,1410,933,2067,.451,252,728,.346,511,666,.767,353,1367,488,189,202,376,502
134,Kansas City,31,4,27,.129,-20.08,-2.33,,1,15,,3,11,,1,15,,2149,2600,,1245,774,1877,.412,208,692,.301,393,581,.676,327,1034,368,195,98,407,505
135,Kansas State,32,12,20,.375,8.23,10.51,,3,15,,10,8,,1,10,,2546,2619,,1280,929,2026,.459,302,829,.364,386,544,.710,333,1088,536,225,113,412,614
136,Kennesaw State NCAA,35,21,14,.600,0.43,-1.35,,10,10,,13,3,,4,8,,2898,2659,,1410,961,2164,.444,323,932,.347,653,944,.692,484,1405,492,250,184,415,698
137,Kent State,34,24,10,.706,-0.84,-2.47,,14,4,,14,3,,7,6,,2866,2707,,1385,939,2097,.448,332,937,.354,656,884,.742,442,1351,545,229,115,445,667
138,Kentucky NCAA,36,22,14,.611,19.13,12.96,,10,8,,14,4,,4,6,,2898,2676,,1445,1008,2165,.466,294,859,.342,588,809,.727,420,1345,574,252,164,388,662
139,La Salle,32,9,23,.281,-4.21,3.89,,5,13,,7,6,,1,13,,2148,2370,,1280,745,1818,.410,171,573,.298,485,670,.724,392,1122,415,218,84,388,523
140,Lafayette,32,11,21,.344,-13.09,-6.83,,8,10,,6,10,,5,11,,2222,2381,,1285,787,1839,.428,236,735,.321,412,597,.690,297,1059,436,178,75,332,522
,,Overall,Overall,Overall,Overall,Overall,Overall,,Conf.,Conf.,,Home,Home,,Away,Away,,Points,Points,,Totals,Totals,Totals,Totals,Totals,Totals,Totals,Totals,Totals,Totals,Totals,Totals,Totals,Totals,Totals,Totals,Totals
141,Lamar,31,12,19,.387,-5.96,-3.90,,7,15,,7,8,,5,10,,2167,2143,,1245,797,1856,.429,211,641,.329,362,516,.702,408,1155,449,201,136,372,535
142,Le Moyne,32,15,17,.469,-11.08,-9.50,,10,8,,9,4,,5,12,,2336,2341,,1280,805,1751,.460,241,709,.340,485,675,.719,266,1118,455,186,106,421,556
143,Lehigh NCAA,35,18,17,.514,-10.05,-7.48,,11,7,,13,4,,4,11,,2545,2582,,1445,907,1967,.461,273,767,.356,458,629,.728,275,1122,498,233,114,428,554
144,Liberty,34,26,8,.765,2.54,-1.11,,17,3,,14,2,,11,3,,2641,2397,,1370,942,1848,.510,351,893,.393,406,571,.711,195,986,582,215,116,293,488
145,Lindenwood,33,18,15,.545,-9.44,-8.77,,11,9,,9,5,,7,9,,2566,2398,,1320,928,2047,.453,194,629,.308,516,759,.680,421,1295,479,293,149,446,563
146,Lipscomb,32,19,13,.594,-4.52,-5.12,,12,6,,13,1,,6,11,,2549,2423,,1285,911,1973,.462,344,950,.362,383,508,.754,301,1107,576,224,90,361,511
147,Little Rock,32,12,20,.375,-13.30,-8.03,,9,11,,7,6,,5,13,,2257,2372,,1280,844,1893,.446,208,585,.356,361,535,.675,363,1083,448,252,143,409,502
148,Long Beach State,32,10,22,.313,-5.83,-0.07,,6,14,,7,9,,3,13,,2396,2489,,1295,878,1922,.457,218,658,.331,422,581,.726,301,1063,418,223,95,409,647
149,Long Island University NCAA,35,24,11,.686,-5.16,-7.08,,15,3,,14,1,,10,9,,2577,2510,,1405,955,2009,.475,211,589,.358,456,684,.667,398,1221,479,272,188,453,621
150,Longwood,32,16,16,.500,-8.35,-8.01,,8,8,,11,4,,4,10,,2486,2370,,1315,861,1874,.459,198,628,.315,566,765,.740,390,1190,405,279,75,445,625
151,Louisiana,33,11,22,.333,-12.28,-5.28,,7,11,,7,8,,3,13,,2101,2332,,1320,740,1836,.403,250,743,.336,371,527,.704,324,1001,340,191,116,355,627
152,Louisiana State,32,15,17,.469,12.27,9.33,,3,15,,9,8,,3,7,,2606,2512,,1315,897,1904,.471,217,656,.331,595,779,.764,359,1180,471,191,125,352,598
153,Louisiana Tech,34,20,14,.588,-3.06,-3.13,,11,9,,14,3,,4,10,,2375,2210,,1375,872,1977,.441,198,662,.299,433,649,.667,449,1309,430,251,161,415,555
154,Louisiana-Monroe,32,4,28,.125,-18.77,-5.11,,1,17,,3,11,,1,15,,2318,2685,,1290,768,1859,.413,246,772,.319,536,733,.731,299,1037,390,196,109,388,463
155,Louisville NCAA,35,24,11,.686,22.44,10.70,,11,7,,15,2,,4,7,,2949,2538,,1400,1002,2131,.470,406,1127,.360,537,706,.761,396,1342,597,237,115,417,646
156,Loyola (IL),33,9,24,.273,-6.26,2.71,,4,14,,6,10,,1,9,,2204,2500,,1325,757,1792,.422,271,855,.317,419,623,.673,340,1126,460,134,125,431,557
157,Loyola (MD),32,12,20,.375,-13.63,-8.80,,8,10,,8,6,,3,13,,2407,2466,,1300,844,1945,.434,305,914,.334,414,590,.702,341,1126,423,198,114,350,537
158,Loyola Marymount,32,15,17,.469,0.76,1.18,,6,12,,10,8,,4,7,,2376,2306,,1295,853,1861,.458,260,744,.349,410,582,.704,291,1088,421,196,131,383,569
159,Maine,32,8,24,.250,-17.11,-9.78,,6,10,,4,8,,4,14,,2001,2190,,1280,712,1600,.445,191,599,.319,386,602,.641,201,897,393,250,102,397,531
160,Manhattan,32,12,20,.375,-15.19,-8.00,,8,12,,7,7,,3,12,,2369,2526,,1295,810,1902,.426,230,709,.324,519,653,.795,341,1061,411,251,75,341,473
,,Overall,Overall,Overall,Overall,Overall,Overall,,Conf.,Conf.,,Home,Home,,Away,Away,,Points,Points,,Totals,Totals,Totals,Totals,Totals,Totals,Totals,Totals,Totals,Totals,Totals,Totals,Totals,Totals,Totals,Totals,Totals
161,Marist,31,19,12,.613,-3.72,-8.69,,12,8,,11,4,,7,7,,2160,1979,,1245,798,1808,.441,206,628,.328,358,457,.783,311,1112,473,218,96,347,521
162,Marquette,32,12,20,.375,9.05,9.67,,7,13,,10,7,,2,10,,2405,2425,,1295,856,1954,.438,261,824,.317,432,640,.675,355,1095,497,299,98,364,545
163,Marshall,32,19,13,.594,-3.07,-4.65,,11,7,,13,4,,6,8,,2596,2497,,1280,927,1975,.469,322,876,.368,420,574,.732,363,1178,532,198,155,373,646
164,Maryland,33,12,21,.364,4.56,11.44,,4,16,,7,8,,2,10,,2300,2527,,1325,764,1878,.407,279,880,.317,493,683,.722,402,1168,345,157,97,410,595
165,Maryland-Baltimore County NCAA,33,24,9,.727,-4.68,-11.81,,14,2,,15,2,,9,6,,2522,2230,,1330,890,1883,.473,268,739,.363,474,625,.758,269,1167,400,167,84,316,444
166,Maryland-Eastern Shore,32,9,23,.281,-17.68,-8.54,,5,9,,6,4,,2,18,,2060,2265,,1305,765,1722,.444,172,574,.300,358,499,.717,335,1040,431,183,84,505,578
167,Massachusetts,33,17,16,.515,-2.40,-3.50,,7,11,,11,5,,2,8,,2648,2562,,1350,951,2027,.469,248,716,.346,498,741,.672,401,1237,562,220,72,429,685
168,Massachusetts-Lowell,33,15,18,.455,-14.32,-8.62,,9,7,,10,4,,5,14,,2471,2518,,1320,901,1956,.461,195,605,.322,474,711,.667,406,1236,412,173,101,403,485
169,McNeese NCAA,34,28,6,.824,7.65,-1.54,,19,3,,14,0,,9,5,,2709,2271,,1375,953,2054,.464,229,715,.320,574,765,.750,434,1196,478,357,148,323,635
170,Memphis,32,13,19,.406,3.82,5.29,,8,10,,10,6,,3,10,,2407,2454,,1290,853,1966,.434,209,662,.316,492,682,.721,419,1179,425,270,138,435,648
171,Mercer,32,19,13,.594,-3.04,-5.39,,11,7,,14,1,,5,11,,2646,2416,,1280,915,1978,.463,280,803,.349,536,741,.723,393,1204,440,252,110,333,494
172,Mercyhurst,34,17,17,.500,-10.04,-9.63,,10,8,,12,3,,5,14,,2358,2291,,1381,898,1984,.453,204,624,.327,358,494,.725,308,1110,498,246,129,322,620
173,Merrimack,34,23,11,.676,-4.35,-6.41,,17,3,,11,0,,9,8,,2330,2260,,1375,755,1816,.416,274,837,.327,546,693,.788,276,975,423,279,175,325,555
174,Miami (FL) NCAA,35,26,9,.743,17.69,7.44,,13,5,,15,3,,8,2,,2853,2494,,1400,1043,2097,.497,233,668,.349,532,779,.683,434,1310,567,276,116,391,542
175,Miami (OH) NCAA,34,32,2,.941,5.62,-4.16,,18,0,,16,0,,14,0,,3047,2566,,1380,1049,2027,.518,357,923,.387,592,792,.747,285,1195,544,250,112,351,546
176,Michigan NCAA,40,37,3,.925,32.92,15.10,,19,1,,14,1,,11,0,,3493,2780,,1606,1221,2408,.507,367,998,.368,684,915,.748,433,1603,745,223,242,468,619
177,Michigan State NCAA,35,27,8,.771,23.31,12.86,,15,5,,15,2,,6,4,,2758,2392,,1410,964,2043,.472,270,744,.363,560,733,.764,435,1388,652,179,145,405,561
178,Middle Tennessee,32,17,15,.531,0.06,1.20,,11,9,,11,4,,5,8,,2414,2329,,1310,845,1901,.445,297,873,.340,427,608,.702,356,1159,456,197,136,368,546
179,Milwaukee,32,12,20,.375,-7.74,-2.48,,8,12,,8,6,,3,14,,2440,2548,,1280,880,1982,.444,240,744,.323,440,638,.690,402,1153,426,216,94,333,601
180,Minnesota,33,15,18,.455,9.72,8.84,,8,12,,13,4,,2,9,,2289,2260,,1335,791,1727,.458,278,814,.342,429,618,.694,278,1022,562,209,88,347,479
,,Overall,Overall,Overall,Overall,Overall,Overall,,Conf.,Conf.,,Home,Home,,Away,Away,,Points,Points,,Totals,Totals,Totals,Totals,Totals,Totals,Totals,Totals,Totals,Totals,Totals,Totals,Totals,Totals,Totals,Totals,Totals
181,Mississippi,35,15,20,.429,10.81,11.04,,4,14,,7,9,,3,7,,2656,2664,,1425,942,2114,.446,249,751,.332,523,698,.749,351,1201,473,248,151,341,675
182,Mississippi State,32,13,19,.406,6.94,11.13,,5,13,,8,8,,4,6,,2484,2618,,1295,907,2016,.450,262,809,.324,408,618,.660,363,1223,409,185,140,372,516
183,Mississippi Valley State,33,3,30,.091,-28.67,-8.20,,2,16,,2,9,,1,18,,2120,2739,,1331,754,1835,.411,170,566,.300,442,619,.714,303,1007,403,239,85,507,705
184,Missouri NCAA,33,20,13,.606,12.46,8.70,,10,8,,15,3,,5,7,,2615,2491,,1330,914,1880,.486,240,685,.350,547,792,.691,378,1169,468,218,116,405,585
185,Missouri State,34,16,18,.471,-2.81,-1.55,,8,12,,11,7,,3,10,,2551,2502,,1380,870,1933,.450,260,790,.329,551,814,.677,392,1176,492,231,105,379,595
186,Monmouth,34,19,15,.559,-2.41,-3.44,,11,7,,10,4,,6,9,,2471,2409,,1375,875,1992,.439,235,683,.344,486,651,.747,379,1190,471,265,147,386,540
187,Montana,34,18,16,.529,-2.76,-0.89,,10,8,,11,6,,5,9,,2627,2535,,1360,909,1857,.489,278,777,.358,531,690,.770,225,1169,504,190,81,465,601
188,Montana State,32,18,14,.563,0.69,-1.44,,12,6,,11,2,,6,11,,2493,2285,,1290,878,1882,.467,317,854,.371,420,564,.745,298,1059,366,219,91,320,502
189,Morehead State,33,20,13,.606,-11.52,-7.95,,15,5,,11,2,,7,10,,2484,2466,,1330,883,1913,.462,195,586,.333,523,713,.734,405,1189,443,216,101,388,568
190,Morgan State,30,14,16,.467,-19.41,-11.08,,10,4,,9,6,,5,9,,2258,2347,,1207,750,1769,.424,209,632,.331,549,740,.742,342,1048,395,149,107,377,642
191,Mount St. Mary's,32,15,17,.469,-10.40,-7.27,,11,9,,8,5,,7,11,,2178,2244,,1285,773,1765,.438,247,760,.325,385,574,.671,348,1187,436,196,96,487,572
192,Murray State,33,20,13,.606,3.25,0.37,,12,8,,12,3,,5,7,,2742,2647,,1320,922,2004,.460,314,898,.350,584,774,.755,382,1198,453,194,134,389,607
193,Navy,34,26,8,.765,-1.10,-9.54,,17,1,,15,2,,10,5,,2537,2187,,1375,886,1867,.475,224,625,.358,541,737,.734,360,1239,549,258,107,383,489
194,NC State NCAA,34,20,14,.588,17.43,10.52,,10,8,,11,6,,6,4,,2828,2593,,1375,962,2065,.466,348,897,.388,556,724,.768,332,1172,525,274,116,312,621
195,Nebraska NCAA,35,28,7,.800,21.36,10.53,,15,5,,16,2,,7,3,,2694,2315,,1410,957,2059,.465,373,1052,.355,407,539,.755,311,1220,631,250,88,340,499
196,Nevada,37,24,13,.649,10.34,5.85,,12,8,,17,2,,4,9,,2813,2647,,1500,929,2101,.442,243,679,.358,712,941,.757,415,1336,535,243,139,371,660
197,Nevada-Las Vegas,35,18,17,.514,5.42,6.10,,11,9,,10,6,,7,7,,2761,2742,,1415,971,2060,.471,260,747,.348,559,822,.680,377,1213,498,265,169,425,743
198,New Hampshire,30,9,21,.300,-17.20,-7.48,,5,11,,8,5,,1,16,,2076,2238,,1230,743,1816,.409,244,789,.309,344,521,.660,313,1064,335,186,66,336,528
199,New Haven,31,14,17,.452,-13.86,-7.89,,9,9,,9,6,,5,11,,2013,2055,,1240,728,1650,.441,208,665,.313,349,507,.688,243,973,375,203,71,343,431
200,New Mexico,37,26,11,.703,14.27,5.10,,13,7,,17,3,,7,5,,3004,2624,,1480,1035,2251,.460,345,965,.358,589,807,.730,404,1365,557,297,106,388,636
,,Overall,Overall,Overall,Overall,Overall,Overall,,Conf.,Conf.,,Home,Home,,Away,Away,,Points,Points,,Totals,Totals,Totals,Totals,Totals,Totals,Totals,Totals,Totals,Totals,Totals,Totals,Totals,Totals,Totals,Totals,Totals
201,New Mexico State,32,16,16,.500,-1.38,-1.45,,8,12,,10,5,,3,8,,2403,2303,,1295,831,1942,.428,241,740,.326,498,684,.728,396,1216,414,206,101,336,638
202,New Orleans,33,15,18,.455,-4.21,-1.06,,12,10,,5,6,,9,11,,2459,2563,,1330,814,1839,.443,197,620,.318,634,853,.743,399,1236,427,191,124,474,647
203,Niagara,30,8,22,.267,-16.33,-7.92,,5,15,,6,7,,2,14,,1916,2137,,1205,701,1589,.441,213,638,.334,301,415,.725,239,875,420,169,87,358,455
204,Nicholls State,33,14,19,.424,-7.07,-2.35,,12,10,,6,6,,7,12,,2388,2471,,1320,834,1913,.436,282,845,.334,438,657,.667,346,1027,435,296,89,392,586
205,NJIT,33,16,17,.485,-15.99,-8.49,,10,6,,8,6,,8,11,,2212,2417,,1322,768,1893,.406,233,770,.303,443,627,.707,325,1138,355,220,106,382,601
206,Norfolk State,32,15,17,.469,-13.73,-10.70,,8,6,,9,4,,5,10,,2445,2362,,1280,857,1848,.464,188,559,.336,543,784,.693,371,1112,382,227,95,394,626
207,North Alabama,30,9,21,.300,-15.97,-5.82,,4,14,,5,8,,4,12,,2082,2328,,1210,735,1687,.436,174,570,.305,438,637,.688,331,1003,302,196,113,343,445
208,North Carolina NCAA,33,24,9,.727,18.55,10.46,,12,6,,18,0,,4,6,,2631,2364,,1325,925,1965,.471,284,830,.342,497,729,.682,356,1261,529,179,111,317,485
209,North Carolina A&T,30,11,19,.367,-9.81,-5.20,,4,14,,6,6,,4,11,,2252,2335,,1205,770,1672,.461,172,543,.317,540,754,.716,321,1108,358,160,117,385,539
210,North Carolina Central,32,14,18,.438,-18.33,-8.69,,8,6,,8,5,,4,12,,2299,2415,,1285,794,1807,.439,200,609,.328,511,702,.728,346,1009,435,281,113,389,568
211,North Dakota,35,18,17,.514,-9.33,-3.92,,10,6,,9,7,,7,8,,2680,2705,,1410,926,2118,.437,283,853,.332,545,774,.704,376,1159,398,297,90,343,699
212,North Dakota State NCAA,35,27,8,.771,1.98,-5.27,,14,2,,13,1,,10,5,,2812,2458,,1420,1004,2148,.467,326,901,.362,478,661,.723,399,1262,541,289,98,378,516
213,North Florida,32,7,25,.219,-15.72,-3.29,,5,13,,5,8,,2,14,,2547,2821,,1285,878,1967,.446,353,1006,.351,438,566,.774,300,1032,444,162,44,401,578
214,North Texas,33,19,14,.576,1.98,1.04,,9,9,,12,5,,5,7,,2341,2225,,1350,812,1910,.425,186,621,.300,529,763,.693,401,1163,415,308,144,376,642
215,Northeastern,31,7,24,.226,-9.18,-3.12,,2,16,,2,10,,3,13,,2322,2510,,1245,855,1856,.461,236,701,.337,376,545,.690,296,979,476,216,92,355,597
216,Northern Arizona,32,10,22,.313,-11.12,-1.60,,4,14,,9,7,,1,13,,2282,2445,,1280,823,1769,.465,239,651,.367,397,583,.681,253,952,426,220,87,336,554
217,Northern Colorado,32,20,12,.625,-0.13,-2.89,,10,8,,11,3,,8,7,,2640,2449,,1300,967,1972,.490,306,846,.362,400,527,.759,301,1172,530,139,85,348,572
218,Northern Illinois,30,9,21,.300,-15.10,-2.57,,4,14,,6,7,,3,14,,2086,2334,,1200,708,1703,.416,239,766,.312,431,649,.664,353,1040,374,181,56,446,549
219,Northern Iowa NCAA,36,23,13,.639,7.84,1.78,,11,9,,12,5,,6,6,,2500,2223,,1450,938,1978,.474,275,781,.352,349,503,.694,246,1147,534,232,111,333,552
220,Northern Kentucky,34,20,14,.588,-2.63,-4.85,,10,10,,12,5,,7,8,,2827,2634,,1370,982,2101,.467,320,937,.342,543,761,.714,405,1205,536,293,120,402,626
,,Overall,Overall,Overall,Overall,Overall,Overall,,Conf.,Conf.,,Home,Home,,Away,Away,,Points,Points,,Totals,Totals,Totals,Totals,Totals,Totals,Totals,Totals,Totals,Totals,Totals,Totals,Totals,Totals,Totals,Totals,Totals
221,Northwestern,34,15,19,.441,12.30,11.13,,5,15,,9,7,,3,8,,2487,2447,,1365,890,1929,.461,216,655,.330,491,654,.751,309,1037,586,197,121,290,582
222,Northwestern State,32,10,22,.313,-9.55,-2.72,,8,14,,8,6,,2,15,,2185,2317,,1285,743,1699,.437,191,575,.332,508,685,.742,284,1005,382,206,76,374,533
223,Notre Dame,31,13,18,.419,8.50,9.37,,4,14,,10,7,,2,9,,2308,2335,,1260,801,1799,.445,279,783,.356,427,613,.697,343,1135,380,138,69,356,554
224,Oakland,32,16,16,.500,-1.54,-0.32,,12,8,,7,6,,8,9,,2642,2614,,1280,927,1957,.474,231,664,.348,557,743,.750,354,1119,504,244,116,335,487
225,Ohio,32,15,17,.469,-4.96,-1.66,,9,9,,10,6,,4,8,,2492,2515,,1290,884,1916,.461,224,728,.308,500,708,.706,322,1076,432,196,114,348,572
226,Ohio State NCAA,34,21,13,.618,18.66,11.92,,12,8,,14,3,,5,6,,2697,2468,,1375,936,1907,.491,273,764,.357,552,710,.777,313,1129,492,165,82,350,594
227,Oklahoma,37,21,16,.568,14.73,9.27,,7,11,,11,5,,4,7,,3067,2865,,1500,1054,2245,.469,357,979,.365,602,798,.754,418,1318,536,235,143,369,652
228,Oklahoma State,35,20,15,.571,10.66,10.01,,6,12,,15,6,,2,7,,2935,2912,,1415,1012,2201,.460,265,781,.339,646,867,.745,397,1331,510,247,93,413,593
229,Old Dominion,33,12,21,.364,-7.44,-4.44,,7,11,,7,6,,4,14,,2514,2570,,1330,878,1978,.444,254,717,.354,504,687,.734,314,1151,432,189,104,360,637
230,Omaha,33,16,17,.485,-7.67,-3.91,,8,8,,10,4,,5,10,,2507,2522,,1325,882,1905,.463,279,792,.352,464,631,.735,295,1139,431,190,93,365,550
231,Oral Roberts,33,10,23,.303,-10.50,-2.60,,4,12,,7,8,,1,13,,2420,2558,,1330,811,1896,.428,282,874,.323,516,694,.744,342,1152,392,198,111,440,651
232,Oregon,32,12,20,.375,8.62,11.72,,5,15,,10,7,,2,8,,2267,2366,,1285,776,1822,.426,250,780,.321,465,637,.730,358,1100,458,194,126,377,498
233,Oregon State,33,17,16,.515,0.40,3.43,,9,9,,12,5,,4,7,,2347,2447,,1340,747,1749,.427,271,774,.350,582,754,.772,284,1070,457,182,121,393,586
234,Pacific,33,18,15,.545,3.99,2.47,,8,10,,11,3,,4,11,,2399,2271,,1325,870,1867,.466,239,663,.360,420,557,.754,386,1260,505,179,75,430,599
235,Penn State,32,12,20,.375,3.73,9.39,,3,17,,9,8,,2,9,,2358,2539,,1280,841,1795,.469,221,683,.324,455,607,.750,266,927,406,222,54,337,496
236,Pennsylvania NCAA,30,18,12,.600,-1.04,-1.01,,9,5,,12,2,,4,8,,2277,2231,,1210,796,1807,.441,243,636,.382,442,638,.693,341,1081,418,198,94,322,504
237,Pepperdine,32,9,23,.281,-6.26,3.05,,4,14,,7,10,,2,11,,2312,2546,,1290,806,1889,.427,231,728,.317,469,625,.750,356,1086,451,193,90,410,495
238,Pittsburgh,33,13,20,.394,8.06,9.36,,5,13,,8,10,,3,8,,2327,2370,,1330,834,1899,.439,270,809,.334,389,577,.674,391,1139,436,216,102,371,535
239,Portland,34,15,19,.441,-2.52,3.51,,6,12,,12,6,,1,12,,2530,2669,,1370,907,1947,.466,205,678,.302,511,692,.738,322,1149,563,201,99,465,595
240,Portland State,31,20,11,.645,-0.34,-3.05,,13,5,,11,3,,8,7,,2376,2179,,1250,851,1848,.460,207,637,.325,467,660,.708,347,1143,449,236,118,361,609
,,Overall,Overall,Overall,Overall,Overall,Overall,,Conf.,Conf.,,Home,Home,,Away,Away,,Points,Points,,Totals,Totals,Totals,Totals,Totals,Totals,Totals,Totals,Totals,Totals,Totals,Totals,Totals,Totals,Totals,Totals,Totals
241,Prairie View A&M NCAA,37,19,18,.514,-13.16,-9.10,,9,9,,10,3,,3,13,,2883,2831,,1485,976,2222,.439,225,677,.332,706,933,.757,368,1243,429,293,175,433,697
242,Presbyterian,33,15,18,.455,-8.47,-5.37,,7,9,,10,4,,3,13,,2388,2382,,1335,861,1813,.475,170,527,.323,496,724,.685,362,1167,433,189,152,429,585
243,Princeton,29,9,20,.310,-7.21,-2.24,,5,9,,8,4,,1,12,,1989,2087,,1170,671,1582,.424,241,706,.341,406,540,.752,274,967,371,138,63,320,478
244,Providence,33,15,18,.455,10.67,9.36,,7,13,,10,6,,3,8,,2815,2772,,1355,973,2044,.476,301,828,.364,568,750,.757,363,1271,462,177,129,408,607
245,Purdue NCAA,39,30,9,.769,25.08,13.98,,13,7,,12,5,,8,3,,3184,2751,,1565,1164,2331,.499,359,937,.383,497,666,.746,440,1374,764,214,110,349,566
246,Purdue Fort Wayne,32,17,15,.531,-7.46,-2.90,,11,9,,11,4,,6,11,,2499,2467,,1280,895,1920,.466,300,853,.352,409,575,.711,257,969,440,273,101,318,499
247,Queens (NC) NCAA,35,21,14,.600,-3.75,-4.40,,13,5,,12,2,,6,10,,2957,2924,,1410,1017,2111,.482,353,987,.358,570,771,.739,356,1168,561,211,103,371,687
248,Quinnipiac,32,19,13,.594,-5.58,-7.13,,12,8,,10,5,,9,7,,2411,2303,,1290,860,2004,.429,236,683,.346,455,664,.685,406,1183,434,253,142,351,521
249,Radford,32,16,16,.500,-7.31,-6.38,,9,7,,12,5,,4,8,,2604,2523,,1300,874,1951,.448,303,887,.342,553,783,.706,375,1148,417,252,112,400,585
250,Rhode Island,32,16,16,.500,2.28,0.60,,7,11,,10,6,,4,7,,2236,2182,,1290,758,1748,.434,236,760,.311,484,671,.721,339,1053,363,269,117,409,582
251,Rice,31,13,18,.419,-4.54,0.22,,7,11,,8,8,,4,9,,2291,2311,,1260,785,1870,.420,286,822,.348,435,635,.685,430,1180,379,207,121,376,573
252,Richmond,32,15,17,.469,2.11,0.15,,5,13,,11,7,,3,8,,2455,2366,,1285,828,1851,.447,288,792,.364,511,679,.753,277,1059,453,225,74,311,573
253,Rider,29,4,25,.138,-19.19,-5.04,,3,17,,4,9,,0,16,,1840,2204,,1160,673,1703,.395,129,469,.275,365,525,.695,366,1014,299,175,98,326,470
254,Robert Morris,33,22,11,.667,-1.48,-4.90,,13,7,,14,3,,8,7,,2555,2379,,1345,941,1986,.474,297,797,.373,376,543,.692,434,1243,585,190,85,414,594
255,Rutgers,34,14,20,.412,4.40,9.20,,6,14,,10,7,,2,9,,2398,2561,,1376,824,1977,.417,219,676,.324,531,717,.741,364,1118,413,207,115,343,565
256,Sacramento State,31,10,21,.323,-8.18,-0.47,,6,12,,10,4,,0,16,,2408,2542,,1245,791,1881,.421,231,693,.333,595,766,.777,298,1063,402,236,99,323,575
257,Sacred Heart,33,14,19,.424,-11.38,-8.16,,9,11,,8,5,,5,13,,2482,2528,,1325,839,1932,.434,351,979,.359,453,583,.777,338,1151,492,189,97,399,490
258,Saint Francis (PA),31,7,24,.226,-19.09,-6.06,,5,13,,5,8,,2,14,,2216,2510,,1245,793,1843,.430,239,702,.340,391,563,.694,324,1012,416,230,64,401,566
259,Saint Joseph's,36,24,12,.667,2.97,1.71,,13,5,,13,3,,8,8,,2633,2529,,1445,926,2163,.428,298,967,.308,483,652,.741,422,1399,556,201,169,420,509
260,Saint Louis NCAA,35,29,6,.829,17.64,2.76,,15,3,,19,0,,7,3,,3053,2466,,1400,1077,2113,.510,379,958,.396,520,702,.741,354,1392,648,251,122,432,641
,,Overall,Overall,Overall,Overall,Overall,Overall,,Conf.,Conf.,,Home,Home,,Away,Away,,Points,Points,,Totals,Totals,Totals,Totals,Totals,Totals,Totals,Totals,Totals,Totals,Totals,Totals,Totals,Totals,Totals,Totals,Totals
261,Saint Mary's NCAA,33,27,6,.818,17.07,5.54,,16,2,,17,0,,8,2,,2552,2129,,1320,870,1894,.459,270,692,.390,542,679,.798,409,1323,503,185,119,364,510
262,Saint Peter's,29,17,12,.586,-7.49,-7.63,,14,6,,13,1,,4,10,,2054,1984,,1170,702,1705,.412,213,668,.319,437,596,.733,400,1035,377,261,113,337,579
263,Sam Houston,34,22,12,.647,2.96,-0.14,,13,7,,13,1,,6,10,,2797,2554,,1360,995,2141,.465,284,776,.366,523,729,.717,469,1381,527,243,96,402,594
264,Samford,32,18,14,.563,-5.42,-6.25,,11,7,,11,3,,6,9,,2525,2409,,1295,845,1862,.454,310,865,.358,525,762,.689,292,1164,473,147,89,295,513
265,San Diego,33,12,21,.364,-3.83,2.21,,5,13,,9,8,,2,11,,2458,2570,,1335,884,1989,.444,303,858,.353,387,512,.756,336,1047,530,259,91,412,597
266,San Diego State,33,22,11,.667,13.58,8.08,,14,6,,14,2,,5,5,,2580,2342,,1345,911,1921,.474,221,637,.347,537,735,.731,334,1171,494,252,151,399,625
267,San Francisco,33,17,16,.515,4.00,3.84,,8,10,,9,6,,4,7,,2464,2414,,1330,819,1876,.437,299,861,.347,527,739,.713,361,1190,460,176,99,359,566
268,San Jose State,33,9,24,.273,-2.06,6.35,,3,17,,6,10,,1,12,,2376,2591,,1325,827,1893,.437,259,723,.358,463,633,.731,340,980,354,190,74,333,582
269,Santa Clara NCAA,35,26,9,.743,15.48,6.09,,15,3,,14,1,,8,3,,2901,2552,,1405,1062,2278,.466,356,1027,.347,421,569,.740,457,1252,587,311,128,375,683
270,Seattle,35,21,14,.600,4.59,2.71,,8,10,,14,4,,5,8,,2525,2354,,1406,885,2012,.440,263,778,.338,492,696,.707,308,1139,474,281,170,403,574
271,Seton Hall,33,21,12,.636,13.28,8.28,,10,10,,12,5,,6,5,,2321,2156,,1320,837,1922,.435,157,515,.305,490,678,.723,412,1180,432,304,187,366,620
272,Siena NCAA,35,23,12,.657,-3.64,-8.18,,13,7,,9,4,,9,7,,2463,2304,,1405,885,1947,.455,192,627,.306,501,650,.771,357,1201,471,202,108,357,483
273,South Alabama,33,21,12,.636,-4.29,-6.22,,11,7,,10,4,,8,7,,2454,2312,,1345,870,1868,.466,238,683,.348,476,723,.658,284,1168,394,266,74,284,417
274,South Carolina,32,13,19,.406,7.28,8.81,,4,14,,11,8,,2,8,,2398,2447,,1295,805,1855,.434,256,824,.311,532,681,.781,296,1042,426,176,76,318,563
275,South Carolina State,32,10,22,.313,-21.97,-8.81,,7,7,,6,5,,3,16,,2147,2522,,1280,732,1775,.412,197,584,.337,486,727,.669,355,993,387,223,124,473,685
276,South Carolina Upstate,32,13,19,.406,-10.39,-5.70,,5,11,,10,5,,3,13,,2376,2357,,1300,855,1941,.440,231,704,.328,435,635,.685,354,1177,411,213,150,400,584
277,South Dakota,32,16,16,.500,-9.01,-5.29,,8,8,,12,5,,3,10,,2547,2566,,1300,851,1886,.451,223,672,.332,622,844,.737,343,1101,394,199,79,378,493
278,South Dakota State,32,14,18,.438,-3.50,-3.36,,7,9,,9,4,,4,9,,2413,2331,,1285,875,1902,.460,257,747,.344,406,571,.711,350,1194,457,184,73,354,535
279,South Florida NCAA,34,25,9,.735,13.42,3.17,,15,3,,13,2,,9,3,,2974,2575,,1385,986,2255,.437,323,991,.326,679,910,.746,529,1447,581,318,139,377,666
280,Southeast Missouri State,33,20,13,.606,-7.19,-8.15,,14,6,,10,5,,8,7,,2460,2331,,1325,867,1928,.450,212,699,.303,514,738,.696,328,1124,411,224,121,388,655
,,Overall,Overall,Overall,Overall,Overall,Overall,,Conf.,Conf.,,Home,Home,,Away,Away,,Points,Points,,Totals,Totals,Totals,Totals,Totals,Totals,Totals,Totals,Totals,Totals,Totals,Totals,Totals,Totals,Totals,Totals,Totals
281,Southeastern Louisiana,31,9,22,.290,-9.56,-3.10,,6,16,,5,7,,2,15,,2016,2184,,1245,689,1665,.414,187,661,.283,451,659,.684,315,992,361,215,87,385,550
282,Southern,34,17,17,.500,-11.25,-7.22,,11,7,,8,4,,7,12,,2707,2650,,1375,947,2089,.453,237,679,.349,576,825,.698,399,1209,511,317,130,406,637
283,Southern California,32,18,14,.563,10.31,10.89,,7,13,,9,7,,5,6,,2515,2494,,1305,857,1888,.454,199,634,.314,602,832,.724,364,1168,490,203,181,399,598
284,Southern Illinois,32,16,16,.500,2.74,0.52,,10,10,,8,6,,7,8,,2336,2226,,1295,880,1946,.452,160,576,.278,416,613,.679,364,1223,433,257,114,385,546
285,SIU Edwardsville,32,19,13,.594,-8.80,-10.59,,12,8,,10,5,,8,7,,2271,2070,,1290,826,1857,.445,234,675,.347,385,570,.675,350,1173,422,243,126,375,516
286,Southern Indiana,30,7,23,.233,-16.58,-9.33,,4,16,,3,10,,4,11,,2061,2210,,1210,700,1812,.386,227,733,.310,434,662,.656,395,1125,310,190,127,359,512
287,Southern Methodist NCAA,34,20,14,.588,16.08,9.96,,8,10,,15,3,,3,8,,2858,2650,,1370,1046,2136,.490,284,766,.371,482,649,.743,417,1279,574,238,121,379,577
288,Southern Mississippi,35,19,16,.543,-5.66,-4.79,,9,9,,10,3,,4,11,,2615,2585,,1410,903,2001,.451,179,597,.300,630,859,.733,395,1284,403,260,132,453,674
289,Southern Utah,32,10,22,.313,-9.43,-0.46,,6,12,,7,6,,2,15,,2442,2544,,1285,874,1897,.461,237,692,.342,457,633,.722,334,1148,449,178,137,453,531
290,St. Bonaventure,34,17,17,.500,2.26,1.53,,4,14,,9,7,,4,7,,2596,2532,,1370,953,2038,.468,240,642,.374,450,605,.744,401,1199,533,258,157,388,558
291,St. John's (NY) NCAA,37,30,7,.811,22.65,11.38,,18,2,,15,2,,9,1,,2994,2577,,1485,1031,2283,.452,269,803,.335,663,918,.722,478,1422,597,286,178,378,637
292,St. Thomas,34,24,10,.706,2.44,-5.37,,12,4,,14,1,,8,7,,2780,2433,,1360,997,1971,.506,327,905,.361,459,675,.680,246,1144,572,253,89,332,533
293,Stanford,33,20,13,.606,11.92,8.89,,9,9,,12,6,,5,5,,2508,2408,,1325,851,1946,.437,301,856,.352,505,690,.732,376,1126,390,257,127,348,582
294,Stephen F. Austin,34,28,6,.824,3.92,-4.33,,20,2,,15,1,,12,4,,2604,2265,,1365,943,2098,.449,302,837,.361,416,612,.680,426,1266,464,241,127,317,542
295,Stetson,33,12,21,.364,-12.95,-4.95,,7,11,,9,5,,2,14,,2431,2631,,1325,854,1871,.456,306,843,.363,417,612,.681,315,1083,506,206,68,414,511
296,Stonehill,33,12,21,.364,-14.82,-9.49,,8,10,,8,5,,4,15,,2191,2263,,1340,786,1896,.415,248,770,.322,371,541,.686,331,1240,411,160,130,430,534
297,Stony Brook,32,17,15,.531,-5.74,-3.98,,9,9,,12,4,,4,9,,2295,2277,,1295,803,1892,.424,304,870,.349,385,533,.722,330,1111,424,216,119,360,515
298,Syracuse,32,15,17,.469,9.75,9.00,,6,12,,12,6,,2,7,,2400,2376,,1305,872,1876,.465,229,697,.329,427,659,.648,329,1093,411,198,189,353,526
299,Tarleton State,32,14,18,.438,-4.99,-1.70,,5,13,,10,6,,4,11,,2385,2349,,1295,836,1856,.450,147,456,.322,566,760,.745,356,1052,358,330,100,459,642
300,Temple,32,16,16,.500,0.96,-0.85,,8,10,,10,6,,5,6,,2366,2264,,1285,801,1793,.447,218,645,.338,546,731,.747,321,1077,394,182,128,288,553
,,Overall,Overall,Overall,Overall,Overall,Overall,,Conf.,Conf.,,Home,Home,,Away,Away,,Points,Points,,Totals,Totals,Totals,Totals,Totals,Totals,Totals,Totals,Totals,Totals,Totals,Totals,Totals,Totals,Totals,Totals,Totals
301,Tennessee NCAA,37,25,12,.676,21.97,12.70,,11,7,,14,3,,5,5,,2917,2574,,1495,1044,2266,.461,243,727,.334,586,848,.691,588,1571,631,270,136,437,664
302,Tennessee State NCAA,33,23,10,.697,-4.94,-7.81,,15,5,,10,2,,10,7,,2651,2455,,1325,954,2080,.459,209,637,.328,534,700,.763,428,1245,436,308,125,406,600
303,Tennessee Tech,31,13,18,.419,-13.61,-8.25,,8,12,,8,6,,5,12,,2272,2308,,1240,788,1778,.443,211,670,.315,485,639,.759,338,1122,377,184,92,412,502
304,Tennessee-Martin,33,22,11,.667,-6.28,-9.41,,13,7,,12,3,,8,6,,2303,2085,,1325,788,1873,.421,265,871,.304,462,682,.677,458,1317,448,292,143,475,552
305,Texas NCAA,36,21,15,.583,16.82,11.22,,9,9,,12,5,,4,6,,2979,2742,,1450,1017,2101,.484,266,750,.355,679,914,.743,432,1350,448,203,107,386,667
306,Texas A&M NCAA,34,22,12,.647,16.17,9.02,,11,7,,14,4,,6,5,,2927,2684,,1390,987,2169,.455,360,1003,.359,593,804,.738,409,1267,604,276,104,368,655
307,Texas A&M-Corpus Christi,33,18,15,.545,-2.78,-1.92,,13,9,,10,5,,7,9,,2393,2234,,1325,848,1855,.457,211,592,.356,486,718,.677,377,1191,441,251,99,436,666
308,Texas Christian NCAA,35,23,12,.657,15.25,9.97,,11,7,,14,5,,5,5,,2708,2523,,1415,943,2129,.443,260,784,.332,562,798,.704,433,1257,540,270,157,376,570
309,Texas Southern,30,12,18,.400,-14.44,-8.37,,10,8,,9,5,,3,12,,2251,2339,,1221,789,1753,.450,185,563,.329,488,681,.717,311,1069,338,204,102,409,590
310,Texas State,32,19,13,.594,-7.49,-6.92,,11,7,,16,1,,3,9,,2365,2271,,1295,865,1846,.469,151,458,.330,484,638,.759,364,1142,419,268,115,405,576
311,Texas Tech NCAA,34,23,11,.676,21.03,13.86,,12,6,,14,2,,5,5,,2729,2485,,1365,968,2067,.468,384,983,.391,409,572,.715,390,1249,532,203,128,366,553
312,Texas-Rio Grande Valley,33,19,14,.576,0.72,-2.41,,14,8,,10,5,,8,8,,2505,2293,,1335,889,1876,.474,310,828,.374,417,547,.762,314,1152,546,200,93,399,592
313,The Citadel,33,11,22,.333,-16.68,-6.08,,7,11,,7,8,,3,12,,2322,2558,,1345,817,1930,.423,314,959,.327,374,556,.673,345,1087,422,183,81,343,537
314,Toledo,34,19,15,.559,0.52,-1.83,,11,7,,11,4,,5,9,,2755,2603,,1360,1020,2084,.489,246,673,.366,469,618,.759,351,1155,550,262,103,347,504
315,Towson,34,19,15,.559,-1.09,-1.72,,9,9,,11,3,,3,10,,2354,2248,,1365,858,2028,.423,217,715,.303,421,606,.695,460,1332,346,204,114,351,533
316,Troy NCAA,34,22,12,.647,-1.20,-3.98,,12,6,,10,3,,9,7,,2696,2488,,1410,918,2060,.446,315,945,.333,545,735,.741,429,1297,538,268,114,409,564
317,Tulane,33,18,15,.545,-2.60,1.03,,8,10,,10,8,,6,4,,2389,2493,,1330,764,1806,.423,261,814,.321,600,783,.766,264,1027,424,254,148,354,584
318,Tulsa,38,30,8,.789,11.45,2.01,,13,5,,16,2,,8,4,,3233,2799,,1545,1056,2259,.467,399,1051,.380,722,926,.780,441,1465,584,245,98,411,615
319,UAB,32,20,12,.625,3.50,-0.31,,11,7,,8,9,,10,2,,2535,2361,,1295,915,2064,.443,177,629,.281,528,749,.705,413,1278,459,253,113,285,457
320,UC Davis,33,19,14,.576,-1.42,-1.46,,11,9,,12,4,,6,9,,2562,2478,,1330,849,1903,.446,285,820,.348,579,772,.750,304,1097,512,265,89,423,618
,,Overall,Overall,Overall,Overall,Overall,Overall,,Conf.,Conf.,,Home,Home,,Away,Away,,Points,Points,,Totals,Totals,Totals,Totals,Totals,Totals,Totals,Totals,Totals,Totals,Totals,Totals,Totals,Totals,Totals,Totals,Totals
321,UC Irvine,35,23,12,.657,3.29,-1.53,,15,5,,12,5,,7,5,,2704,2402,,1415,990,2140,.463,199,589,.338,525,756,.694,407,1410,561,279,204,444,553
322,UC Riverside,32,10,22,.313,-8.10,-0.63,,5,15,,7,7,,3,15,,2334,2492,,1280,810,1872,.433,235,727,.323,479,645,.743,330,1111,407,171,132,418,610
323,UC San Diego,34,23,11,.676,2.00,-2.00,,12,8,,10,5,,8,5,,2573,2390,,1360,919,2008,.458,284,858,.331,451,649,.695,328,1256,512,259,89,389,544
324,UC Santa Barbara,32,18,14,.563,0.83,-2.13,,11,9,,11,4,,5,8,,2483,2328,,1300,840,1794,.468,289,775,.373,514,674,.763,337,1123,455,205,76,411,601
325,UCF NCAA,33,21,12,.636,12.95,10.65,,9,9,,13,5,,5,5,,2662,2586,,1330,967,2089,.463,263,726,.362,465,638,.729,421,1243,519,184,98,375,577
326,UCLA NCAA,36,24,12,.667,17.64,11.61,,13,7,,17,1,,4,6,,2775,2558,,1455,980,2101,.466,283,746,.379,530,695,.763,362,1163,580,240,109,321,613
327,UNC Asheville,32,15,17,.469,-6.27,-3.99,,8,8,,9,7,,4,9,,2349,2334,,1295,820,1800,.456,221,633,.349,488,710,.687,336,1114,351,174,114,386,576
328,UNC Greensboro,34,15,19,.441,-11.45,-6.17,,9,9,,8,6,,4,9,,2673,2736,,1375,909,1983,.458,283,785,.361,572,809,.707,342,1204,436,189,63,346,549
329,UNC Wilmington,34,27,7,.794,1.99,-4.51,,15,3,,15,4,,12,2,,2594,2313,,1360,885,2002,.442,269,764,.352,555,812,.683,452,1355,455,181,83,337,584
330,UT Arlington,32,18,14,.563,-1.92,-1.88,,9,9,,9,4,,8,8,,2240,2134,,1295,776,1776,.437,157,540,.291,531,739,.719,392,1187,373,245,119,444,600
331,Utah,32,10,22,.313,5.81,10.56,,2,16,,8,9,,1,10,,2379,2531,,1285,848,1867,.454,247,700,.353,436,591,.738,321,1075,438,171,109,366,517
332,Utah State NCAA,36,29,7,.806,17.57,7.40,,15,5,,14,1,,7,5,,2958,2546,,1445,1043,2101,.496,303,866,.350,567,798,.711,388,1239,632,312,104,373,681
333,Utah Tech,34,19,15,.559,-3.77,-1.51,,11,7,,11,3,,6,10,,2612,2548,,1395,941,1989,.473,266,766,.347,464,636,.730,324,1155,498,245,108,420,551
334,Utah Valley,34,25,9,.735,5.24,-1.63,,14,4,,15,1,,6,7,,2724,2338,,1375,997,1989,.501,228,665,.343,502,722,.695,405,1243,630,321,183,477,622
335,UTEP,31,11,20,.355,-6.80,-0.55,,7,13,,9,7,,2,11,,2149,2244,,1255,746,1748,.427,228,675,.338,429,613,.700,303,1009,364,236,111,362,571
336,UTSA,30,5,25,.167,-14.26,1.38,,1,17,,2,12,,2,12,,2084,2422,,1200,743,1865,.398,225,757,.297,373,540,.691,370,1087,326,198,130,359,509
337,Valparaiso,33,18,15,.545,-0.44,0.25,,11,9,,13,4,,4,10,,2376,2358,,1345,808,1923,.420,240,705,.340,520,736,.707,397,1195,399,197,115,348,587
338,Vanderbilt NCAA,36,27,9,.750,22.23,11.48,,11,7,,13,3,,8,4,,3086,2699,,1450,1041,2194,.474,345,970,.356,659,835,.789,384,1268,587,286,163,344,684
339,Vermont,34,22,12,.647,-7.02,-10.39,,12,4,,13,3,,8,7,,2496,2330,,1375,886,1915,.463,292,859,.340,432,605,.714,299,1183,432,156,100,320,574
340,Villanova NCAA,33,24,9,.727,15.90,10.02,,15,5,,13,3,,9,3,,2545,2351,,1335,901,1975,.456,322,903,.357,421,611,.689,379,1130,512,244,70,333,534
,,Overall,Overall,Overall,Overall,Overall,Overall,,Conf.,Conf.,,Home,Home,,Away,Away,,Points,Points,,Totals,Totals,Totals,Totals,Totals,Totals,Totals,Totals,Totals,Totals,Totals,Totals,Totals,Totals,Totals,Totals,Totals
341,Virginia NCAA,36,30,6,.833,20.61,9.00,,15,3,,16,1,,8,2,,2896,2478,,1465,1007,2181,.462,369,1018,.362,513,705,.728,475,1441,587,228,230,389,626
342,Virginia Commonwealth NCAA,36,28,8,.778,13.17,4.11,,15,3,,15,2,,7,3,,2910,2584,,1445,962,2106,.457,335,922,.363,651,885,.736,399,1315,499,264,155,378,619
343,VMI,32,6,26,.188,-20.90,-6.21,,1,17,,5,9,,1,14,,2303,2560,,1280,776,1932,.402,343,1044,.329,408,564,.723,325,1064,403,225,77,321,535
344,Virginia Tech,32,19,13,.594,12.75,8.84,,8,10,,14,3,,3,7,,2521,2396,,1315,878,1943,.452,274,771,.355,491,661,.743,353,1113,460,205,102,334,548
345,Wagner,31,14,17,.452,-11.99,-8.88,,8,10,,8,5,,6,12,,2210,2222,,1265,786,1798,.437,229,655,.350,409,560,.730,368,1155,389,172,78,396,576
346,Wake Forest,35,18,17,.514,11.73,9.84,,7,11,,13,7,,2,7,,2759,2693,,1415,941,2079,.453,309,906,.341,568,732,.776,354,1165,503,270,124,381,649
347,Washington,33,16,17,.485,13.88,10.40,,7,13,,10,6,,4,9,,2545,2430,,1335,929,2029,.458,221,702,.315,466,610,.764,392,1226,459,189,137,347,557
348,Washington State,32,12,20,.375,3.09,4.70,,7,11,,9,6,,1,11,,2435,2480,,1280,857,1836,.467,303,822,.369,418,563,.742,314,1097,444,180,93,417,570
349,Weber State,32,16,16,.500,-3.20,-2.96,,10,8,,11,5,,5,10,,2598,2474,,1295,918,1959,.469,228,653,.349,534,728,.734,371,1183,430,230,50,354,588
350,West Georgia,32,15,17,.469,-11.31,-6.14,,8,10,,10,5,,4,11,,2450,2547,,1295,905,2026,.447,227,675,.336,413,590,.700,385,1185,408,207,159,360,538
351,West Virginia,35,21,14,.600,13.19,8.31,,9,9,,15,3,,3,6,,2472,2301,,1425,865,1944,.445,276,835,.331,466,682,.683,363,1214,449,222,108,384,541
352,Western Carolina,31,15,16,.484,-6.61,-3.92,,10,8,,10,3,,4,12,,2432,2397,,1250,872,1961,.445,269,806,.334,419,585,.716,428,1205,397,190,85,355,590
353,Western Illinois,31,5,26,.161,-23.76,-8.48,,1,19,,4,11,,1,15,,2011,2381,,1245,702,1742,.403,182,580,.314,425,639,.665,321,988,261,161,61,365,499
354,Western Kentucky,32,18,14,.563,0.35,-0.58,,11,9,,12,4,,5,7,,2537,2436,,1290,819,1984,.413,270,791,.341,629,829,.759,411,1245,426,244,74,332,633
355,Western Michigan,31,10,21,.323,-8.59,-2.42,,4,14,,7,8,,3,13,,2318,2464,,1245,815,1851,.440,228,649,.351,460,620,.742,342,1126,392,142,82,376,578
356,Wichita State,36,24,12,.667,9.47,2.67,,13,5,,15,3,,8,5,,2811,2547,,1470,995,2252,.442,261,767,.340,560,806,.695,528,1498,413,216,137,374,622
357,William & Mary,32,20,12,.625,-0.33,-2.97,,10,8,,11,2,,6,9,,2660,2487,,1280,895,1864,.480,263,793,.332,607,815,.745,284,1117,573,256,126,388,561
358,Winthrop,34,23,11,.676,-0.82,-4.59,,13,3,,13,1,,7,9,,2844,2566,,1365,927,2125,.436,320,944,.339,670,917,.731,474,1403,486,239,99,370,653
359,Wisconsin NCAA,35,24,11,.686,18.88,12.02,,14,6,,15,2,,6,4,,2904,2664,,1420,978,2171,.450,409,1131,.362,539,684,.788,359,1244,560,195,109,314,596
360,Wofford,32,19,13,.594,-7.53,-7.33,,11,7,,10,5,,9,7,,2520,2468,,1285,869,1913,.454,293,839,.349,489,695,.704,353,1114,450,185,98,300,554
,,Overall,Overall,Overall,Overall,Overall,Overall,,Conf.,Conf.,,Home,Home,,Away,Away,,Points,Points,,Totals,Totals,Totals,Totals,Totals,Totals,Totals,Totals,Totals,Totals,Totals,Totals,Totals,Totals,Totals,Totals,Totals
361,Wright State NCAA,35,23,12,.657,0.25,-3.90,,15,5,,11,5,,9,5,,2818,2579,,1405,1000,2057,.486,254,698,.364,564,764,.738,391,1228,480,260,152,390,604
362,Wyoming,33,18,15,.545,7.34,4.09,,9,11,,14,4,,3,10,,2537,2409,,1320,877,1945,.451,272,823,.330,511,693,.737,396,1172,465,216,78,363,690
363,Xavier,33,15,18,.455,7.75,10.02,,6,14,,12,6,,1,10,,2586,2661,,1330,925,2084,.444,309,846,.365,427,586,.729,329,1133,575,214,132,330,577
364,Yale,31,24,7,.774,5.69,-2.62,,11,3,,10,3,,9,3,,2520,2197,,1255,896,1823,.491,263,664,.396,465,625,.744,338,1105,508,172,101,288,485
365,Youngstown State,32,15,17,.469,-4.62,-4.82,,8,12,,10,5,,4,11,,2495,2338,,1285,869,1879,.462,318,918,.346,439,594,.739,347,1106,471,231,116,405,554
