Unnamed: 0_level_0_Rk,Unnamed: 1_level_0_School,Overall_G,Overall_W,Overall_L,Overall_W-L%,Overall_SRS,Overall_SOS,Unnamed: 8_level_0_Unnamed: 8_level_1,Conf._W,Conf._L,Unnamed: 11_level_0_Unnamed: 11_level_1,Home_W,Home_L,Unnamed: 14_level_0_Unnamed: 14_level_1,Away_W,Away_L,Unnamed: 17_level_0_Unnamed: 17_level_1,Points_Tm.,Points_Opp.,Unnamed: 20_level_0_Unnamed: 20_level_1,School Advanced_Pace,School Advanced_ORtg,School Advanced_FTr,School Advanced_3PAr,School Advanced_TS%,School Advanced_TRB%,School Advanced_AST%,School Advanced_STL%,School Advanced_BLK%,School Advanced_eFG%,School Advanced_TOV%,School Advanced_ORB%,School Advanced_FT/FGA
1,Abilene Christian,33,14,19,.424,-7.38,-1.45,,5,13,,9,5,,3,12,,2321,2389,,69.3,101.1,.403,.328,.529,50.4,54.7,14.0,8.1,.489,17.7,32.6,.284
2,Air Force,32,3,29,.094,-13.75,4.60,,0,20,,3,15,,0,12,,1969,2556,,67.4,91.3,.351,.418,.516,44.8,55.9,8.3,6.8,.489,19.8,21.4,.225
3,Akron NCAA,35,29,6,.829,8.48,-2.91,,17,1,,15,0,,9,3,,3075,2590,,71.6,122.7,.279,.448,.610,53.3,57.3,10.4,9.1,.585,13.1,33.9,.211
4,Alabama NCAA,35,25,10,.714,23.03,14.57,,13,5,,12,3,,7,3,,3192,2896,,74.2,122.1,.360,.543,.590,50.5,54.3,8.6,11.2,.552,11.2,32.4,.276
5,Alabama A&M,33,18,15,.545,-13.31,-10.81,,10,8,,12,5,,4,8,,2378,2393,,67.8,105.9,.449,.343,.545,49.9,49.4,8.8,7.9,.496,14.7,28.0,.331
6,Alabama State,32,10,22,.313,-14.49,-8.43,,7,11,,5,4,,4,15,,2341,2473,,71.9,101.7,.350,.382,.514,50.0,48.6,11.4,11.0,.478,15.5,32.7,.243
7,Albany (NY),32,11,21,.344,-14.11,-8.29,,7,9,,6,5,,4,13,,2303,2332,,66.6,108.1,.242,.372,.548,51.5,50.4,10.4,11.6,.530,15.6,33.8,.160
8,Alcorn State,32,9,23,.281,-20.14,-6.86,,7,11,,5,4,,2,18,,2141,2566,,69.4,96.0,.318,.337,.512,44.9,46.6,11.0,9.1,.477,17.2,26.9,.225
9,American,32,16,16,.500,-7.25,-6.55,,9,9,,11,6,,5,10,,2387,2283,,67.5,110.6,.293,.461,.558,48.7,50.8,11.4,4.5,.526,13.7,28.3,.220
10,Appalachian State,32,19,13,.594,-3.97,-5.87,,11,7,,11,4,,7,8,,2305,2114,,64.7,110.9,.387,.460,.536,53.5,48.5,7.6,10.8,.510,12.8,34.3,.248
11,Arizona NCAA,39,36,3,.923,29.78,13.01,,16,2,,16,1,,9,1,,3360,2706,,71.4,120.3,.439,.263,.586,57.3,54.0,10.3,10.7,.547,12.8,38.4,.323
12,Arizona State,33,17,16,.515,10.41,12.41,,7,11,,10,5,,2,9,,2519,2585,,70.6,108.1,.395,.384,.556,47.8,53.0,9.9,12.8,.511,14.9,29.8,.298
13,Arkansas NCAA,37,28,9,.757,21.48,12.32,,13,5,,17,1,,5,5,,3337,2998,,72.8,122.2,.359,.330,.597,51.2,53.1,10.0,13.0,.564,10.6,32.0,.270
14,Arkansas State,32,20,12,.625,-0.93,-4.67,,11,7,,11,4,,9,7,,2655,2471,,72.5,113.1,.386,.451,.564,55.3,56.2,10.2,7.0,.526,16.2,38.1,.283
15,Arkansas-Pine Bluff,32,13,19,.406,-15.11,-7.25,,10,8,,7,4,,6,14,,2472,2593,,72.4,106.4,.363,.372,.556,48.2,58.1,9.9,7.8,.515,16.2,29.3,.274
16,Army,32,11,21,.344,-15.65,-7.51,,5,13,,6,10,,5,10,,2309,2471,,67.6,104.8,.256,.534,.526,50.4,59.7,8.5,4.8,.498,14.8,31.1,.183
17,Auburn,38,22,16,.579,16.63,12.39,,7,11,,14,4,,2,8,,3154,2993,,69.0,119.1,.432,.402,.573,52.7,47.6,10.7,11.6,.530,12.3,37.0,.321
18,Austin Peay,31,22,9,.710,-2.53,-6.98,,15,3,,12,1,,9,7,,2530,2269,,71.0,115.0,.377,.388,.575,50.8,57.4,13.0,7.0,.538,13.2,30.5,.280
19,Ball State,31,12,19,.387,-9.90,-4.59,,7,11,,7,7,,4,11,,2093,2154,,65.8,101.7,.321,.390,.515,47.5,53.0,11.4,8.3,.482,14.0,27.0,.223
20,Baylor,34,17,17,.500,14.99,11.47,,6,12,,11,6,,3,7,,2778,2599,,69.7,117.2,.343,.390,.575,53.5,52.9,9.3,10.2,.542,13.8,37.2,.252
,,Overall,Overall,Overall,Overall,Overall,Overall,,Conf.,Conf.,,Home,Home,,Away,Away,,Points,Points,,School Advanced,School Advanced,School Advanced,School Advanced,School Advanced,School Advanced,School Advanced,School Advanced,School Advanced,School Advanced,School Advanced,School Advanced,School Advanced
21,Bellarmine,32,13,19,.406,-9.36,-5.00,,7,11,,9,5,,2,13,,2561,2614,,66.4,119.6,.346,.406,.632,46.5,53.4,9.1,6.0,.599,13.9,23.1,.274
22,Belmont,32,26,6,.813,8.57,-0.79,,16,4,,13,2,,11,3,,2684,2347,,70.2,118.6,.319,.461,.622,52.2,61.8,8.7,11.2,.607,15.7,29.2,.218
23,Bethune-Cookman,32,17,15,.531,-9.70,-6.76,,14,4,,10,1,,7,11,,2412,2462,,71.2,104.7,.411,.298,.550,50.1,51.1,9.8,11.4,.516,16.8,30.4,.284
24,Binghamton,31,8,23,.258,-20.91,-11.01,,4,12,,7,8,,1,14,,2105,2321,,65.1,102.3,.417,.318,.556,48.1,49.8,7.8,8.5,.511,16.8,21.8,.311
25,Boise State,32,20,12,.625,11.98,7.78,,12,8,,12,4,,6,5,,2502,2351,,67.1,113.9,.417,.428,.576,55.7,50.5,6.7,6.0,.526,14.6,33.7,.327
26,Boston College,31,11,20,.355,2.92,6.17,,4,14,,10,7,,1,10,,2090,2191,,66.4,100.0,.324,.424,.499,49.4,47.4,7.2,11.6,.470,13.3,28.3,.212
27,Boston University,34,17,17,.500,-8.39,-8.54,,10,8,,10,5,,6,12,,2566,2514,,63.7,115.4,.315,.440,.606,51.5,53.3,7.3,9.6,.581,15.7,28.1,.230
28,Bowling Green,32,18,14,.563,0.20,-3.83,,9,9,,10,7,,6,6,,2602,2290,,71.9,112.6,.377,.340,.570,51.9,49.3,13.5,10.9,.535,13.9,29.3,.275
29,Bradley,34,21,13,.618,3.20,0.44,,13,7,,14,3,,4,7,,2626,2502,,67.7,110.5,.366,.407,.550,49.0,50.9,11.2,9.4,.512,12.1,27.7,.269
30,Brigham Young NCAA,35,23,12,.657,20.39,12.27,,9,9,,12,3,,3,6,,2924,2640,,70.4,118.3,.344,.398,.578,52.6,45.0,10.2,11.8,.544,12.9,34.3,.257
31,Brown,27,9,18,.333,-10.16,-4.92,,3,11,,6,8,,3,10,,1900,1892,,67.3,102.7,.277,.370,.528,50.5,59.5,11.7,12.1,.503,16.2,30.3,.189
32,Bryant,31,9,22,.290,-18.35,-8.08,,5,11,,8,5,,1,17,,2010,2246,,65.0,98.6,.302,.478,.517,48.7,54.5,9.0,11.4,.479,17.3,28.5,.225
33,Bucknell,33,10,23,.303,-14.66,-5.72,,6,12,,6,8,,4,12,,2223,2518,,66.9,99.5,.298,.427,.525,47.3,54.0,10.7,5.9,.485,16.7,27.0,.229
34,Buffalo,32,17,15,.531,-3.77,-4.24,,7,11,,7,8,,8,6,,2497,2438,,67.4,114.9,.394,.454,.593,48.7,55.5,11.1,8.1,.560,14.2,27.8,.289
35,Butler,32,16,16,.500,10.28,8.44,,7,13,,10,7,,3,8,,2540,2481,,70.0,111.7,.421,.349,.550,52.4,57.2,9.1,8.0,.509,13.6,34.6,.303
36,Cal Poly,33,14,19,.424,-4.52,-0.55,,10,10,,8,6,,6,11,,2710,2805,,76.3,107.2,.350,.524,.563,50.3,50.6,8.6,5.8,.519,17.2,30.2,.275
37,Cal State Bakersfield,32,8,24,.250,-13.06,-1.63,,2,18,,6,11,,2,13,,2339,2629,,73.0,100.2,.425,.288,.515,47.6,44.7,10.5,13.3,.462,16.0,30.7,.313
38,Cal State Fullerton,34,18,16,.529,-2.18,-0.31,,12,8,,10,4,,6,10,,2822,2778,,76.3,108.8,.381,.430,.560,48.0,57.0,10.7,8.6,.525,13.4,25.4,.273
39,Cal State Northridge,34,20,14,.588,-2.34,-1.65,,12,8,,12,3,,7,8,,2767,2713,,75.6,107.3,.337,.338,.535,53.4,56.7,9.1,8.9,.509,14.7,33.3,.224
40,California,34,22,12,.647,11.15,6.82,,9,9,,17,5,,4,6,,2658,2493,,69.4,111.8,.364,.429,.568,48.7,53.2,8.7,8.7,.524,13.1,26.5,.284
,,Overall,Overall,Overall,Overall,Overall,Overall,,Conf.,Conf.,,Home,Home,,Away,Away,,Points,Points,,School Advanced,School Advanced,School Advanced,School Advanced,School Advanced,School Advanced,School Advanced,School Advanced,School Advanced,School Advanced,School Advanced,School Advanced,School Advanced
41,California Baptist NCAA,34,25,9,.735,2.56,-2.50,,13,5,,15,0,,7,7,,2470,2298,,67.5,106.5,.359,.320,.522,54.9,39.9,8.1,7.3,.483,15.0,37.5,.256
42,Campbell,34,16,18,.471,-3.20,-0.45,,8,10,,10,4,,3,13,,2691,2639,,70.8,111.8,.424,.368,.557,51.9,46.6,9.5,4.4,.515,14.8,35.4,.308
43,Canisius,31,10,21,.323,-17.00,-7.87,,5,15,,7,8,,3,13,,1951,2184,,64.5,97.1,.311,.397,.504,49.5,55.0,7.6,8.4,.467,16.9,29.7,.224
44,Central Arkansas,34,22,12,.647,-1.72,-5.03,,15,3,,14,1,,6,10,,2749,2541,,69.7,113.9,.301,.492,.569,50.9,57.2,12.4,6.7,.543,13.2,29.7,.213
45,Central Connecticut State,30,18,12,.600,-11.55,-10.16,,12,6,,10,4,,8,8,,2215,2127,,66.0,111.4,.298,.349,.569,51.0,51.6,8.5,11.2,.536,14.0,28.5,.229
46,Central Michigan,31,10,21,.323,-8.76,-2.76,,6,12,,8,5,,1,15,,2275,2384,,69.3,105.9,.319,.339,.551,48.1,56.0,9.5,11.9,.523,16.0,29.8,.223
47,Charleston Southern,32,15,17,.469,-6.83,-6.80,,6,10,,10,4,,5,11,,2670,2563,,74.1,110.1,.302,.515,.567,51.6,56.9,6.4,10.8,.550,15.9,30.5,.196
48,Charlotte,34,17,17,.500,-0.24,1.03,,9,9,,11,6,,4,8,,2492,2530,,64.5,111.6,.366,.453,.567,51.5,52.1,7.0,9.9,.535,15.6,34.2,.262
49,Chattanooga,32,13,19,.406,-11.09,-7.16,,7,11,,7,8,,6,9,,2454,2408,,68.1,112.7,.278,.506,.581,48.2,56.8,7.8,8.0,.551,12.7,24.1,.213
50,Chicago State,32,7,25,.219,-16.47,-5.12,,5,13,,5,6,,2,19,,2105,2434,,65.9,99.4,.302,.313,.496,46.2,49.9,12.3,4.8,.455,13.6,29.4,.224
51,Cincinnati,33,18,15,.545,15.15,9.60,,9,9,,15,3,,2,8,,2413,2230,,69.2,105.3,.294,.438,.531,51.6,63.7,9.0,12.1,.505,14.6,30.6,.200
52,Clemson NCAA,35,24,11,.686,16.35,9.32,,12,6,,13,3,,6,5,,2582,2336,,65.1,112.4,.367,.431,.561,51.1,50.3,9.5,9.1,.526,12.3,28.1,.266
53,Cleveland State,33,11,22,.333,-13.29,-3.25,,6,14,,7,8,,3,13,,2633,2836,,71.5,111.6,.366,.496,.583,47.4,58.4,7.9,7.8,.547,15.8,29.1,.276
54,Coastal Carolina,32,19,13,.594,-7.72,-5.97,,11,7,,8,5,,10,7,,2346,2323,,68.9,104.0,.318,.433,.523,51.1,41.5,6.2,8.3,.486,13.3,27.7,.232
55,Colgate,33,18,15,.545,-6.26,-5.64,,11,7,,9,5,,6,10,,2522,2462,,66.9,111.7,.292,.350,.572,50.0,51.9,8.7,8.7,.542,13.2,27.1,.218
56,College of Charleston,32,21,11,.656,-1.44,-2.86,,14,4,,11,4,,8,4,,2413,2348,,68.5,109.2,.409,.378,.545,50.0,52.2,8.1,12.5,.501,13.4,30.2,.300
57,Colorado,33,17,16,.515,10.48,10.08,,7,11,,13,5,,2,8,,2645,2632,,70.2,112.9,.367,.352,.569,49.8,55.2,8.9,8.7,.529,12.8,29.0,.279
58,Colorado State,34,21,13,.618,8.19,4.92,,11,9,,12,6,,6,5,,2574,2416,,64.7,117.1,.393,.490,.616,51.9,62.9,8.3,6.6,.579,16.1,30.0,.302
59,Columbia,28,16,12,.571,-2.85,-4.24,,5,9,,9,5,,7,7,,2146,2007,,67.6,112.4,.282,.372,.563,56.2,55.4,8.6,8.1,.541,16.1,37.5,.194
60,Connecticut NCAA,40,34,6,.850,23.42,12.02,,17,3,,15,2,,9,2,,3064,2608,,65.7,115.8,.299,.409,.570,53.8,64.9,10.3,14.6,.543,13.9,35.7,.216
,,Overall,Overall,Overall,Overall,Overall,Overall,,Conf.,Conf.,,Home,Home,,Away,Away,,Points,Points,,School Advanced,School Advanced,School Advanced,School Advanced,School Advanced,School Advanced,School Advanced,School Advanced,School Advanced,School Advanced,School Advanced,School Advanced,School Advanced
61,Coppin State,31,7,24,.226,-24.92,-8.19,,5,9,,3,6,,4,15,,2032,2493,,69.4,94.0,.378,.352,.500,47.7,51.4,9.2,10.7,.463,19.0,31.4,.255
62,Cornell,28,15,13,.536,-1.98,-3.14,,8,6,,7,4,,8,8,,2477,2335,,72.1,121.5,.290,.526,.621,51.2,68.7,8.2,7.4,.599,14.1,31.2,.215
63,Creighton,34,16,18,.471,10.16,10.19,,9,11,,10,6,,4,8,,2556,2557,,68.6,109.1,.283,.482,.562,49.4,58.4,8.2,6.6,.530,14.4,26.9,.216
64,Dartmouth,27,11,16,.407,-8.52,-3.20,,5,9,,5,8,,6,8,,2047,2071,,69.7,108.2,.370,.491,.567,49.7,55.5,7.1,9.8,.529,15.4,25.8,.276
65,Davidson,34,20,14,.588,4.21,2.86,,10,8,,11,7,,7,5,,2447,2309,,64.8,109.9,.317,.446,.555,49.5,54.2,10.1,12.7,.535,13.6,28.7,.207
66,Dayton,37,25,12,.676,9.01,4.17,,12,6,,14,4,,8,5,,2743,2564,,67.6,108.5,.462,.414,.566,49.4,59.1,12.0,12.0,.516,15.0,26.9,.348
67,Delaware,31,10,21,.323,-8.83,-2.63,,6,14,,5,10,,4,10,,2098,2293,,64.2,103.3,.306,.460,.566,46.9,52.2,8.6,9.1,.528,16.8,21.0,.241
68,Delaware State,31,8,23,.258,-22.69,-10.95,,2,12,,5,7,,2,14,,1896,2185,,66.5,91.2,.321,.285,.478,47.6,47.9,11.4,5.4,.440,17.1,28.2,.221
69,Denver,32,15,17,.469,-6.12,-2.40,,8,8,,9,5,,6,11,,2650,2650,,69.5,119.2,.344,.386,.590,49.8,40.0,6.6,5.2,.553,12.3,30.8,.266
70,DePaul,32,16,16,.500,7.32,6.63,,8,12,,11,7,,4,7,,2248,2226,,67.7,103.7,.353,.390,.531,49.2,60.9,10.2,9.4,.498,15.4,30.0,.244
71,Detroit Mercy,32,17,15,.531,-5.81,-3.38,,12,8,,9,5,,7,9,,2471,2475,,70.0,110.2,.343,.308,.543,52.1,48.0,8.5,9.3,.498,13.7,34.1,.266
72,Drake,34,14,20,.412,-1.34,1.03,,6,14,,6,11,,4,7,,2552,2544,,68.1,109.5,.335,.457,.553,49.3,52.0,8.0,9.2,.521,13.1,27.1,.241
73,Drexel,33,17,16,.515,-4.98,-4.73,,10,8,,12,4,,4,9,,2247,2221,,65.7,103.6,.312,.401,.532,50.9,54.4,9.3,9.9,.508,16.4,31.7,.206
74,Duke NCAA,38,35,3,.921,30.15,12.15,,17,1,,15,0,,10,1,,3102,2418,,66.8,122.2,.382,.435,.597,57.9,58.8,11.1,10.5,.566,13.5,38.4,.278
75,Duquesne,33,18,15,.545,3.27,2.23,,9,9,,12,6,,5,7,,2584,2481,,69.7,110.6,.378,.438,.566,50.9,56.2,11.0,8.9,.532,15.3,31.1,.270
76,East Carolina,31,11,20,.355,-5.80,0.36,,6,12,,7,10,,4,8,,2217,2401,,69.3,102.0,.393,.313,.507,50.4,47.3,9.2,10.6,.464,14.8,33.8,.276
77,East Tennessee State,34,23,11,.676,-0.79,-7.48,,13,5,,13,4,,8,6,,2638,2356,,66.9,115.1,.339,.379,.585,51.2,50.7,13.0,11.3,.553,13.3,29.4,.252
78,East Texas A&M,32,11,21,.344,-11.20,-2.24,,6,16,,6,8,,4,13,,2246,2385,,69.3,101.2,.311,.464,.534,47.2,64.9,10.5,8.7,.508,16.5,26.6,.211
79,Eastern Illinois,33,13,20,.394,-13.84,-6.21,,8,12,,9,6,,3,13,,2214,2321,,66.6,99.6,.332,.301,.517,48.1,51.1,11.5,9.4,.476,16.1,29.4,.244
80,Eastern Kentucky,32,11,21,.344,-10.43,-4.83,,7,11,,8,7,,3,13,,2568,2619,,69.8,113.3,.312,.507,.557,50.3,53.4,9.9,9.0,.527,14.0,33.7,.226
,,Overall,Overall,Overall,Overall,Overall,Overall,,Conf.,Conf.,,Home,Home,,Away,Away,,Points,Points,,School Advanced,School Advanced,School Advanced,School Advanced,School Advanced,School Advanced,School Advanced,School Advanced,School Advanced,School Advanced,School Advanced,School Advanced,School Advanced
81,Eastern Michigan,31,10,21,.323,-6.02,-1.82,,4,14,,7,7,,3,14,,2191,2279,,68.4,102.4,.295,.319,.530,50.0,48.5,8.6,10.9,.497,15.2,28.4,.215
82,Eastern Washington,33,14,19,.424,-2.36,-0.86,,11,7,,8,4,,5,13,,2576,2606,,69.1,112.2,.357,.348,.574,50.3,49.0,8.5,9.6,.539,15.3,31.5,.265
83,Elon,32,14,18,.438,-5.74,-3.27,,6,12,,8,8,,6,9,,2500,2492,,68.1,113.0,.337,.431,.557,50.1,54.5,10.0,8.9,.525,13.4,33.3,.243
84,Evansville,32,7,25,.219,-9.23,3.27,,3,17,,5,10,,1,12,,2143,2447,,67.5,98.5,.297,.433,.532,46.7,55.6,7.7,10.0,.499,17.0,23.0,.217
85,Fairfield,34,21,13,.618,-8.11,-9.11,,11,9,,12,4,,7,8,,2528,2432,,67.6,109.6,.277,.359,.521,52.7,45.0,9.8,9.6,.491,12.5,36.1,.197
86,FDU,32,11,21,.344,-15.19,-7.64,,8,10,,8,6,,3,15,,2150,2245,,64.5,103.8,.321,.455,.517,52.5,51.9,7.8,4.9,.483,15.4,33.6,.226
87,Florida NCAA,35,27,8,.771,27.74,12.14,,16,2,,14,1,,8,2,,3050,2504,,72.0,120.9,.390,.370,.574,59.7,55.0,9.2,12.4,.541,13.4,43.3,.278
88,Florida A&M,31,15,16,.484,-14.33,-9.27,,11,7,,8,4,,5,11,,2183,2312,,70.3,99.7,.374,.376,.532,49.9,52.4,11.5,8.1,.497,18.6,30.9,.261
89,Florida Atlantic,33,18,15,.545,3.68,1.84,,9,9,,11,4,,4,8,,2596,2453,,70.4,110.5,.330,.386,.555,52.8,46.8,8.3,14.0,.525,14.8,32.9,.234
90,Florida Gulf Coast,34,16,18,.471,-6.63,-5.26,,8,10,,11,6,,3,11,,2631,2598,,69.3,110.5,.287,.393,.546,52.0,52.0,11.0,11.5,.518,13.4,32.6,.206
91,Florida International,32,15,17,.469,-2.00,-0.66,,8,12,,12,6,,3,10,,2580,2492,,72.8,109.5,.390,.334,.548,50.9,52.4,12.4,13.6,.515,15.0,35.4,.268
92,Florida State,33,18,15,.545,11.10,8.67,,10,8,,11,6,,6,5,,2652,2572,,71.8,111.9,.347,.506,.555,48.0,52.5,11.0,11.6,.523,13.1,30.8,.247
93,Fordham,32,17,15,.531,0.09,-1.12,,8,10,,11,7,,4,6,,2235,2095,,65.7,105.9,.257,.384,.522,54.5,54.7,11.1,6.8,.496,14.6,34.8,.179
94,Fresno State,32,13,19,.406,3.38,4.54,,7,13,,10,8,,2,10,,2331,2330,,69.4,104.9,.343,.407,.549,49.5,50.3,9.6,6.6,.510,16.0,28.3,.256
95,Furman NCAA,35,22,13,.629,-2.91,-5.38,,10,8,,11,5,,7,5,,2671,2479,,66.7,113.3,.323,.471,.576,53.6,57.2,7.0,9.5,.552,15.2,32.2,.224
96,Gardner-Webb,33,4,29,.121,-22.51,-2.01,,1,15,,3,10,,0,16,,2248,2820,,71.0,96.0,.307,.387,.517,43.8,41.3,8.9,6.8,.487,17.1,23.8,.210
97,George Mason,33,23,10,.697,5.97,1.07,,11,7,,17,3,,4,6,,2418,2237,,64.9,112.9,.420,.348,.571,52.9,49.6,7.8,9.1,.531,14.1,31.6,.308
98,George Washington,35,19,16,.543,8.27,2.57,,8,10,,12,4,,4,8,,2848,2597,,70.3,115.4,.344,.469,.576,53.7,55.7,10.5,10.8,.546,15.4,35.9,.249
99,Georgetown,34,16,18,.471,9.07,8.36,,6,14,,10,7,,4,8,,2503,2479,,67.0,108.7,.373,.352,.539,50.8,57.8,9.6,10.3,.496,13.5,32.5,.276
100,Georgia NCAA,33,22,11,.667,18.46,8.89,,10,8,,14,4,,6,4,,2951,2635,,73.6,119.7,.369,.443,.579,50.2,48.1,11.2,14.9,.542,12.1,34.9,.277
,,Overall,Overall,Overall,Overall,Overall,Overall,,Conf.,Conf.,,Home,Home,,Away,Away,,Points,Points,,School Advanced,School Advanced,School Advanced,School Advanced,School Advanced,School Advanced,School Advanced,School Advanced,School Advanced,School Advanced,School Advanced,School Advanced,School Advanced
101,Georgia Southern,37,21,16,.568,-6.71,-6.25,,8,10,,9,5,,7,8,,2994,2949,,71.3,112.3,.390,.488,.561,46.8,42.0,11.2,10.2,.520,12.6,28.9,.291
102,Georgia State,32,10,22,.313,-11.81,-4.81,,7,11,,7,7,,3,12,,2253,2391,,69.3,101.3,.367,.432,.508,47.5,51.2,9.9,8.6,.452,13.6,28.4,.287
103,Georgia Tech,31,11,20,.355,2.57,6.22,,2,16,,10,9,,1,9,,2287,2400,,71.6,102.6,.333,.332,.534,50.3,59.9,8.4,11.4,.500,16.2,29.9,.237
104,Gonzaga NCAA,35,31,4,.886,23.94,5.82,,16,2,,15,0,,8,2,,2950,2316,,70.2,119.7,.310,.308,.581,55.4,57.5,11.9,11.1,.556,11.7,34.8,.219
105,Grambling,33,14,19,.424,-12.50,-10.27,,7,11,,7,5,,4,13,,2321,2314,,69.9,100.7,.410,.380,.536,49.8,50.8,11.5,8.0,.490,18.2,30.8,.300
106,Grand Canyon,32,20,12,.625,10.96,3.99,,13,7,,13,4,,6,5,,2420,2197,,69.0,109.2,.395,.389,.560,53.6,49.6,9.5,10.5,.517,15.3,31.3,.298
107,Green Bay,33,18,15,.545,-5.25,-3.28,,12,8,,10,4,,6,9,,2469,2470,,65.2,114.0,.416,.371,.595,49.9,54.6,6.8,8.6,.553,14.2,25.7,.318
108,Hampton,32,13,19,.406,-8.94,-4.84,,7,11,,10,2,,2,12,,2237,2264,,66.5,104.3,.373,.376,.512,51.0,50.3,9.7,9.0,.470,14.1,33.6,.268
109,Harvard,29,17,12,.586,-1.89,-4.35,,10,4,,8,4,,9,6,,2032,1934,,64.0,108.1,.265,.401,.567,50.3,55.4,11.1,10.6,.532,15.3,26.9,.212
110,Hawaii NCAA,33,24,9,.727,4.45,-3.10,,14,6,,16,3,,6,5,,2626,2328,,72.2,109.4,.419,.402,.565,54.1,51.0,9.0,9.8,.522,16.0,32.1,.309
111,High Point NCAA,36,31,5,.861,7.27,-6.34,,15,1,,17,1,,7,2,,3230,2565,,71.9,123.8,.413,.427,.599,51.5,53.6,14.6,11.0,.563,11.0,32.8,.308
112,Hofstra NCAA,35,24,11,.686,4.16,-1.96,,12,6,,10,2,,9,8,,2641,2336,,65.7,114.0,.311,.434,.555,53.4,48.8,7.6,10.6,.521,13.5,35.3,.231
113,Holy Cross,33,11,22,.333,-13.97,-7.10,,5,13,,6,8,,4,14,,2251,2418,,66.1,103.3,.319,.374,.535,47.7,45.0,8.7,5.1,.496,13.7,23.0,.241
114,Houston NCAA,37,30,7,.811,26.24,11.70,,14,4,,15,1,,6,3,,2844,2306,,64.8,118.3,.263,.407,.551,52.4,52.6,11.6,12.5,.519,10.7,35.7,.203
115,Houston Christian,32,12,20,.375,-10.00,-3.86,,8,14,,9,5,,3,13,,2147,2309,,65.2,102.5,.364,.365,.532,48.8,58.8,10.2,11.2,.497,16.5,30.5,.254
116,Howard NCAA,35,24,11,.686,-4.26,-10.42,,11,3,,11,4,,7,6,,2722,2420,,69.9,110.8,.443,.344,.563,53.3,61.5,11.9,9.7,.519,16.1,36.4,.323
117,Idaho NCAA,36,21,15,.583,-0.58,-2.21,,9,9,,9,4,,7,9,,2800,2618,,69.5,111.6,.338,.470,.560,52.7,46.8,8.4,6.6,.526,13.2,29.5,.248
118,Idaho State,33,13,20,.394,-5.91,-1.98,,5,13,,8,6,,3,12,,2459,2513,,66.9,111.0,.382,.412,.560,53.1,46.7,7.8,12.0,.520,14.3,34.2,.282
119,Illinois NCAA,37,28,9,.757,26.69,12.23,,15,5,,14,3,,8,2,,3079,2544,,65.7,125.0,.332,.497,.584,57.1,50.0,5.6,13.0,.547,10.9,39.2,.259
120,Illinois State,36,23,13,.639,6.51,1.46,,12,8,,14,2,,7,7,,2688,2466,,67.3,110.6,.312,.431,.567,52.2,51.3,8.2,6.4,.541,14.7,28.7,.220
,,Overall,Overall,Overall,Overall,Overall,Overall,,Conf.,Conf.,,Home,Home,,Away,Away,,Points,Points,,School Advanced,School Advanced,School Advanced,School Advanced,School Advanced,School Advanced,School Advanced,School Advanced,School Advanced,School Advanced,School Advanced,School Advanced,School Advanced
121,Illinois-Chicago,35,19,16,.543,3.14,0.44,,12,8,,9,5,,7,9,,2640,2470,,67.3,110.5,.361,.324,.546,52.7,54.6,11.5,11.8,.508,14.8,36.8,.263
122,Incarnate Word,31,12,19,.387,-7.31,-2.74,,7,15,,9,6,,2,12,,2302,2285,,66.3,112.0,.330,.392,.552,51.3,45.0,8.1,7.0,.521,14.2,34.1,.237
123,Indiana,32,18,14,.563,16.40,10.40,,9,11,,14,4,,3,8,,2501,2309,,66.6,116.0,.350,.505,.598,50.0,62.5,6.9,7.4,.561,13.5,26.9,.273
124,Indiana State,32,11,21,.344,-3.11,0.29,,4,16,,8,7,,3,12,,2354,2383,,68.9,104.7,.282,.449,.557,49.4,64.7,8.8,7.9,.536,17.2,27.4,.190
125,Iona,32,18,14,.563,-7.35,-8.07,,10,10,,11,3,,6,8,,2363,2340,,68.4,105.8,.293,.459,.546,48.8,53.7,9.5,8.1,.519,15.1,27.8,.207
126,Iowa NCAA,37,24,13,.649,19.20,10.93,,10,10,,14,3,,3,8,,2758,2452,,62.8,118.4,.351,.430,.599,50.4,57.7,10.9,6.4,.564,13.3,30.2,.270
127,Iowa State NCAA,37,29,8,.784,26.62,10.27,,12,6,,16,1,,5,5,,3033,2428,,68.5,119.7,.345,.388,.583,53.1,59.0,13.1,8.3,.562,12.7,35.2,.233
128,IU Indy,32,7,25,.219,-12.64,-4.34,,3,17,,5,9,,2,15,,2673,2825,,76.1,109.3,.211,.429,.551,45.9,64.0,11.6,8.4,.529,13.7,29.4,.154
129,Jackson State,33,12,21,.364,-19.78,-6.27,,10,8,,7,3,,4,15,,2318,2764,,71.0,98.1,.374,.433,.508,45.8,45.8,8.8,8.1,.457,16.8,29.7,.284
130,Jacksonville,32,12,20,.375,-11.03,-5.36,,7,11,,8,4,,3,14,,2339,2349,,66.0,109.8,.336,.379,.549,52.4,46.2,10.0,8.4,.517,14.4,33.6,.241
131,Jacksonville State,32,15,17,.469,-3.61,-2.95,,10,10,,10,7,,5,8,,2325,2188,,66.7,108.2,.426,.391,.544,52.4,49.6,9.2,9.6,.509,14.6,31.5,.292
132,James Madison,33,18,15,.545,-5.22,-5.50,,9,9,,11,4,,5,10,,2460,2437,,67.0,110.5,.359,.424,.560,51.5,48.4,7.7,11.6,.529,14.9,30.9,.253
133,Kansas NCAA,35,24,11,.686,20.42,14.36,,12,6,,14,2,,5,6,,2629,2417,,68.3,109.2,.322,.352,.552,51.5,52.3,7.8,15.6,.512,13.6,29.2,.247
134,Kansas City,31,4,27,.129,-20.08,-2.33,,1,15,,3,11,,1,15,,2149,2600,,71.9,96.1,.310,.369,.499,45.5,47.5,8.7,8.1,.468,15.9,27.5,.209
135,Kansas State,32,12,20,.375,8.23,10.51,,3,15,,10,8,,1,10,,2546,2619,,73.8,107.8,.269,.409,.557,47.7,57.7,9.5,9.1,.533,15.3,29.2,.191
136,Kennesaw State NCAA,35,21,14,.600,0.43,-1.35,,10,10,,13,3,,4,8,,2898,2659,,72.3,113.6,.436,.431,.555,53.0,51.2,9.8,14.2,.519,13.7,36.3,.302
137,Kent State,34,24,10,.706,-0.84,-2.47,,14,4,,14,3,,7,6,,2866,2707,,72.7,113.9,.422,.447,.569,53.6,58.0,9.1,9.8,.527,15.0,35.3,.313
138,Kentucky NCAA,36,22,14,.611,19.13,12.96,,10,8,,14,4,,4,6,,2898,2676,,69.7,115.2,.374,.397,.568,52.0,56.9,10.0,12.7,.533,13.2,33.2,.272
139,La Salle,32,9,23,.281,-4.21,3.89,,5,13,,7,6,,1,13,,2148,2370,,66.5,100.9,.369,.315,.503,50.3,55.7,10.2,7.9,.457,15.4,33.8,.267
140,Lafayette,32,11,21,.344,-13.09,-6.83,,8,10,,6,10,,5,11,,2222,2381,,67.2,102.9,.325,.400,.523,48.0,55.4,8.2,6.6,.492,13.5,26.1,.224
,,Overall,Overall,Overall,Overall,Overall,Overall,,Conf.,Conf.,,Home,Home,,Away,Away,,Points,Points,,School Advanced,School Advanced,School Advanced,School Advanced,School Advanced,School Advanced,School Advanced,School Advanced,School Advanced,School Advanced,School Advanced,School Advanced,School Advanced
141,Lamar,31,12,19,.387,-5.96,-3.90,,7,15,,7,8,,5,10,,2167,2143,,66.3,105.0,.278,.345,.516,52.9,56.3,9.7,13.0,.486,15.0,36.0,.195
142,Le Moyne,32,15,17,.469,-11.08,-9.50,,10,8,,9,4,,5,12,,2336,2341,,69.4,105.1,.385,.405,.564,49.8,56.5,8.4,9.1,.529,16.9,25.5,.277
143,Lehigh NCAA,35,18,17,.514,-10.05,-7.48,,11,7,,13,4,,4,11,,2545,2582,,67.0,105.1,.320,.390,.562,47.3,54.9,9.6,8.0,.531,15.9,23.9,.233
144,Liberty,34,26,8,.765,2.54,-1.11,,17,3,,14,2,,11,3,,2641,2397,,64.8,119.0,.309,.483,.623,46.3,61.8,9.7,9.4,.605,12.1,19.7,.220
145,Lindenwood,33,18,15,.545,-9.44,-8.77,,11,9,,9,5,,7,9,,2566,2398,,73.7,105.5,.371,.307,.533,51.6,51.6,12.0,11.0,.501,15.6,33.9,.252
146,Lipscomb,32,19,13,.594,-4.52,-5.12,,12,6,,13,1,,6,11,,2549,2423,,70.9,111.9,.257,.482,.576,49.0,63.2,9.8,7.7,.549,14.0,27.0,.194
147,Little Rock,32,12,20,.375,-13.30,-8.03,,9,11,,7,6,,5,13,,2257,2372,,68.5,103.0,.283,.309,.526,48.1,53.1,11.5,12.6,.501,16.0,32.2,.191
148,Long Beach State,32,10,22,.313,-5.83,-0.07,,6,14,,7,9,,3,13,,2396,2489,,71.3,103.8,.302,.342,.545,49.3,47.6,9.7,8.0,.514,15.7,27.0,.220
149,Long Island University NCAA,35,24,11,.686,-5.16,-7.08,,15,3,,14,1,,10,9,,2577,2510,,68.2,107.6,.340,.293,.552,50.8,50.2,11.4,13.8,.528,16.3,33.9,.227
150,Longwood,32,16,16,.500,-8.35,-8.01,,8,8,,11,4,,4,10,,2486,2370,,70.0,108.1,.408,.335,.556,53.9,47.0,12.1,7.3,.512,16.6,35.3,.302
151,Louisiana,33,11,22,.333,-12.28,-5.28,,7,11,,7,8,,3,13,,2101,2332,,64.1,99.3,.287,.405,.504,46.7,45.9,9.0,10.8,.471,14.5,28.3,.202
152,Louisiana State,32,15,17,.469,12.27,9.33,,3,15,,9,8,,3,7,,2606,2512,,68.6,115.5,.409,.345,.573,51.6,52.5,8.5,10.3,.528,13.4,33.1,.313
153,Louisiana Tech,34,20,14,.588,-3.06,-3.13,,11,9,,14,3,,4,10,,2375,2210,,65.1,106.1,.328,.335,.520,53.8,49.3,11.2,16.2,.491,15.4,37.3,.219
154,Louisiana-Monroe,32,4,28,.125,-18.77,-5.11,,1,17,,3,11,,1,15,,2318,2685,,71.1,101.1,.394,.415,.525,44.8,50.8,8.5,9.0,.479,15.0,25.3,.288
155,Louisville NCAA,35,24,11,.686,22.44,10.70,,11,7,,15,2,,4,7,,2949,2538,,71.0,118.7,.331,.529,.598,53.4,59.6,9.5,9.1,.565,14.5,32.8,.252
156,Loyola (IL),33,9,24,.273,-6.26,2.71,,4,14,,6,10,,1,9,,2204,2500,,65.9,101.0,.348,.477,.528,50.4,60.8,6.1,11.6,.498,17.1,30.5,.234
157,Loyola (MD),32,12,20,.375,-13.63,-8.80,,8,10,,8,6,,3,13,,2407,2466,,68.5,108.1,.303,.470,.541,49.9,50.1,8.9,9.9,.512,13.6,29.3,.213
158,Loyola Marymount,32,15,17,.469,0.76,1.18,,6,12,,10,8,,4,7,,2376,2306,,68.6,107.0,.313,.400,.556,48.8,49.4,8.8,10.9,.528,15.2,27.1,.220
159,Maine,32,8,24,.250,-17.11,-9.78,,6,10,,4,8,,4,14,,2001,2190,,65.4,95.6,.376,.374,.531,43.2,55.2,11.9,9.1,.505,17.4,19.7,.241
160,Manhattan,32,12,20,.375,-15.19,-8.00,,8,12,,7,7,,3,12,,2369,2526,,68.3,107.1,.343,.373,.535,46.4,50.7,11.3,6.0,.486,13.4,29.5,.273
,,Overall,Overall,Overall,Overall,Overall,Overall,,Conf.,Conf.,,Home,Home,,Away,Away,,Points,Points,,School Advanced,School Advanced,School Advanced,School Advanced,School Advanced,School Advanced,School Advanced,School Advanced,School Advanced,School Advanced,School Advanced,School Advanced,School Advanced
161,Marist,31,19,12,.613,-3.72,-8.69,,12,8,,11,4,,7,7,,2160,1979,,66.5,104.3,.253,.347,.533,51.2,59.3,10.5,9.0,.498,14.6,29.4,.198
162,Marquette,32,12,20,.375,9.05,9.67,,7,13,,10,7,,2,10,,2405,2425,,70.1,106.0,.328,.422,.533,47.0,58.1,13.2,8.4,.505,13.9,29.7,.221
163,Marshall,32,19,13,.594,-3.07,-4.65,,11,7,,13,4,,6,8,,2596,2497,,70.7,114.7,.291,.444,.577,50.3,57.4,8.7,13.4,.551,14.2,32.4,.213
164,Maryland,33,12,21,.364,4.56,11.44,,4,16,,7,8,,2,10,,2300,2527,,66.7,104.1,.364,.469,.522,51.5,45.2,7.1,9.1,.481,15.7,33.8,.263
165,Maryland-Baltimore County NCAA,33,24,9,.727,-4.68,-11.81,,14,2,,15,2,,9,6,,2522,2230,,67.0,113.2,.332,.392,.578,51.6,44.9,7.5,6.8,.544,12.7,25.4,.252
166,Maryland-Eastern Shore,32,9,23,.281,-17.68,-8.54,,5,9,,6,4,,2,18,,2060,2265,,64.9,97.3,.290,.333,.526,50.3,56.3,8.6,8.1,.494,20.5,32.9,.208
167,Massachusetts,33,17,16,.515,-2.40,-3.50,,7,11,,11,5,,2,8,,2648,2562,,71.1,110.3,.366,.353,.557,53.9,59.1,9.2,6.7,.530,15.3,34.1,.246
168,Massachusetts-Lowell,33,15,18,.455,-14.32,-8.62,,9,7,,10,4,,5,14,,2471,2518,,69.4,107.9,.363,.309,.539,53.2,45.7,7.6,7.8,.510,14.9,34.8,.242
169,McNeese NCAA,34,28,6,.824,7.65,-1.54,,19,3,,14,0,,9,5,,2709,2271,,67.2,117.3,.372,.348,.560,51.0,50.2,15.5,15.8,.520,11.8,36.4,.279
170,Memphis,32,13,19,.406,3.82,5.29,,8,10,,10,6,,3,10,,2407,2454,,71.4,104.6,.347,.337,.526,49.8,49.8,11.7,12.7,.487,16.0,35.3,.250
171,Mercer,32,19,13,.594,-3.04,-5.39,,11,7,,14,1,,5,11,,2646,2416,,70.9,116.6,.375,.406,.568,50.8,48.1,11.1,9.5,.533,12.5,33.7,.271
172,Mercyhurst,34,17,17,.500,-10.04,-9.63,,10,8,,12,3,,5,14,,2358,2291,,65.0,105.2,.249,.315,.531,48.6,55.5,11.0,10.9,.504,12.7,26.7,.180
173,Merrimack,34,23,11,.676,-4.35,-6.41,,17,3,,11,0,,9,8,,2330,2260,,63.7,106.4,.382,.461,.543,42.9,56.0,12.7,13.9,.491,13.2,24.8,.301
174,Miami (FL) NCAA,35,26,9,.743,17.69,7.44,,13,5,,15,3,,8,2,,2853,2494,,69.2,117.9,.371,.319,.578,55.8,54.4,11.4,9.8,.553,13.7,37.2,.254
175,Miami (OH) NCAA,34,32,2,.941,5.62,-4.16,,18,0,,16,0,,14,0,,3047,2566,,71.7,123.1,.391,.455,.634,51.0,51.9,10.1,8.4,.606,12.7,26.5,.292
176,Michigan NCAA,40,37,3,.925,32.92,15.10,,19,1,,14,1,,11,0,,3493,2780,,71.4,121.9,.380,.414,.614,55.7,61.0,7.8,16.4,.583,14.1,34.7,.284
177,Michigan State NCAA,35,27,8,.771,23.31,12.86,,15,5,,15,2,,6,4,,2758,2392,,66.8,117.0,.359,.364,.577,58.4,67.6,7.6,13.5,.538,14.5,37.8,.274
178,Middle Tennessee,32,17,15,.531,0.06,1.20,,11,9,,11,4,,5,8,,2414,2329,,67.3,109.6,.320,.459,.551,51.5,54.0,8.9,11.3,.523,14.4,31.4,.225
179,Milwaukee,32,12,20,.375,-7.74,-2.48,,8,12,,8,6,,3,14,,2440,2548,,69.5,109.7,.322,.375,.534,51.3,48.4,9.7,8.5,.505,12.7,33.6,.222
180,Minnesota,33,15,18,.455,9.72,8.84,,8,12,,13,4,,2,9,,2289,2260,,62.9,109.1,.358,.471,.566,48.8,71.0,10.0,8.2,.539,14.7,26.8,.248
,,Overall,Overall,Overall,Overall,Overall,Overall,,Conf.,Conf.,,Home,Home,,Away,Away,,Points,Points,,School Advanced,School Advanced,School Advanced,School Advanced,School Advanced,School Advanced,School Advanced,School Advanced,School Advanced,School Advanced,School Advanced,School Advanced,School Advanced
181,Mississippi,35,15,20,.429,10.81,11.04,,4,14,,7,9,,3,7,,2656,2664,,68.3,109.2,.330,.355,.543,48.0,50.2,10.2,12.9,.504,12.2,28.3,.247
182,Mississippi State,32,13,19,.406,6.94,11.13,,5,13,,8,8,,4,6,,2484,2618,,71.5,107.4,.307,.401,.538,49.8,45.1,8.0,11.1,.515,13.9,29.8,.202
183,Mississippi Valley State,33,3,30,.091,-28.67,-8.20,,2,16,,2,9,,1,18,,2120,2739,,70.0,91.1,.337,.308,.498,45.3,53.4,10.3,8.0,.457,19.2,26.6,.241
184,Missouri NCAA,33,20,13,.606,12.46,8.70,,10,8,,15,3,,5,7,,2615,2491,,68.3,115.1,.421,.364,.580,52.2,51.2,9.6,10.6,.550,15.2,34.9,.291
185,Missouri State,34,16,18,.471,-2.81,-1.55,,8,12,,11,7,,3,10,,2551,2502,,66.9,110.5,.421,.409,.550,50.6,56.6,10.0,8.4,.517,14.0,33.2,.285
186,Monmouth,34,19,15,.559,-2.41,-3.44,,11,7,,10,4,,6,9,,2471,2409,,67.5,106.4,.327,.343,.537,49.7,53.8,11.4,12.2,.498,14.4,31.6,.244
187,Montana,34,18,16,.529,-2.76,-0.89,,10,8,,11,6,,5,9,,2627,2535,,71.2,108.6,.372,.418,.601,50.4,55.4,7.9,6.3,.564,17.5,22.0,.286
188,Montana State,32,18,14,.563,0.69,-1.44,,12,6,,11,2,,6,11,,2493,2285,,67.6,114.4,.300,.454,.580,50.3,41.7,10.0,7.4,.551,13.0,28.2,.223
189,Morehead State,33,20,13,.606,-11.52,-7.95,,15,5,,11,2,,7,10,,2484,2466,,67.4,110.8,.373,.306,.552,51.6,50.2,9.6,8.4,.513,14.7,36.4,.273
190,Morgan State,30,14,16,.467,-19.41,-11.08,,10,4,,9,6,,5,9,,2258,2347,,71.3,105.1,.418,.357,.532,48.7,52.7,6.9,9.1,.483,15.1,31.3,.310
191,Mount St. Mary's,32,15,17,.469,-10.40,-7.27,,11,9,,8,5,,7,11,,2178,2244,,67.7,100.2,.325,.431,.534,52.6,56.4,9.0,9.5,.508,19.3,32.6,.218
192,Murray State,33,20,13,.606,3.25,0.37,,12,8,,12,3,,5,7,,2742,2647,,72.3,115.0,.386,.448,.578,50.8,49.1,8.1,8.9,.538,14.1,32.6,.291
193,Navy,34,26,8,.765,-1.10,-9.54,,17,1,,15,2,,10,5,,2537,2187,,65.2,113.2,.395,.335,.572,54.2,62.0,11.5,10.5,.535,14.7,33.1,.290
194,NC State NCAA,34,20,14,.588,17.43,10.52,,10,8,,11,6,,6,4,,2828,2593,,69.5,118.4,.351,.434,.587,49.1,54.6,11.5,10.7,.550,11.5,28.2,.269
195,Nebraska NCAA,35,28,7,.800,21.36,10.53,,15,5,,16,2,,7,3,,2694,2315,,66.8,114.4,.262,.511,.582,50.5,65.9,10.6,8.7,.555,12.8,26.7,.198
196,Nevada,37,24,13,.649,10.34,5.85,,12,8,,17,2,,4,9,,2813,2647,,66.8,112.4,.448,.323,.552,52.4,57.6,9.7,11.8,.500,12.7,32.2,.339
197,Nevada-Las Vegas,35,18,17,.514,5.42,6.10,,11,9,,10,6,,7,7,,2761,2742,,70.6,110.5,.399,.363,.563,49.6,51.3,10.6,13.3,.534,14.8,30.9,.271
198,New Hampshire,30,9,21,.300,-17.20,-7.48,,5,11,,8,5,,1,16,,2076,2238,,67.7,99.7,.287,.434,.503,48.9,45.1,8.9,6.1,.476,14.0,27.0,.189
199,New Haven,31,14,17,.452,-13.86,-7.89,,9,9,,9,6,,5,11,,2013,2055,,64.2,101.1,.307,.403,.532,48.7,51.5,10.2,6.8,.504,15.4,24.0,.212
200,New Mexico,37,26,11,.703,14.27,5.10,,13,7,,17,3,,7,5,,3004,2624,,70.7,114.8,.359,.429,.570,51.8,53.8,11.3,9.5,.536,12.8,30.8,.262
,,Overall,Overall,Overall,Overall,Overall,Overall,,Conf.,Conf.,,Home,Home,,Away,Away,,Points,Points,,School Advanced,School Advanced,School Advanced,School Advanced,School Advanced,School Advanced,School Advanced,School Advanced,School Advanced,School Advanced,School Advanced,School Advanced,School Advanced
201,New Mexico State,32,16,16,.500,-1.38,-1.45,,8,12,,10,5,,3,8,,2403,2303,,68.1,109.0,.352,.381,.530,51.5,49.8,9.3,9.5,.490,12.9,33.2,.256
202,New Orleans,33,15,18,.455,-4.21,-1.06,,12,10,,5,6,,9,11,,2459,2563,,69.7,106.2,.464,.337,.548,51.6,52.5,8.2,10.2,.496,17.4,35.6,.345
203,Niagara,30,8,22,.267,-16.33,-7.92,,5,15,,6,7,,2,14,,1916,2137,,63.1,100.8,.261,.402,.536,46.5,59.9,8.9,9.0,.508,16.7,25.4,.189
204,Nicholls State,33,14,19,.424,-7.07,-2.35,,12,10,,6,6,,7,12,,2388,2471,,68.7,105.3,.343,.442,.537,46.5,52.2,13.1,8.0,.510,15.0,29.1,.229
205,NJIT,33,16,17,.485,-15.99,-8.49,,10,6,,8,6,,8,11,,2212,2417,,68.3,98.1,.331,.407,.505,47.6,46.2,9.8,9.3,.467,14.8,27.1,.234
206,Norfolk State,32,15,17,.469,-13.73,-10.70,,8,6,,9,4,,5,10,,2445,2362,,70.1,108.9,.424,.302,.551,51.4,44.6,10.1,9.3,.515,15.1,33.8,.294
207,North Alabama,30,9,21,.300,-15.97,-5.82,,4,14,,5,8,,4,12,,2082,2328,,65.9,104.4,.378,.338,.523,49.5,41.1,9.8,11.4,.487,14.7,31.5,.260
208,North Carolina NCAA,33,24,9,.727,18.55,10.46,,12,6,,18,0,,4,6,,2631,2364,,68.8,115.5,.371,.422,.569,52.7,57.2,7.9,8.5,.543,12.1,31.2,.253
209,North Carolina A&T,30,11,19,.367,-9.81,-5.20,,4,14,,6,6,,4,11,,2252,2335,,69.6,107.4,.451,.325,.555,52.8,46.5,7.6,10.5,.512,15.9,31.9,.323
210,North Carolina Central,32,14,18,.438,-18.33,-8.69,,8,6,,8,5,,4,12,,2299,2415,,68.2,104.9,.388,.337,.537,46.1,54.8,12.8,10.5,.495,15.4,31.2,.283
211,North Dakota,35,18,17,.514,-9.33,-3.92,,10,6,,9,7,,7,8,,2680,2705,,69.6,109.2,.365,.403,.539,47.8,43.0,12.1,8.2,.504,12.1,29.1,.257
212,North Dakota State NCAA,35,27,8,.771,1.98,-5.27,,14,2,,13,1,,10,5,,2812,2458,,68.7,115.4,.308,.419,.571,53.2,53.9,11.9,8.8,.543,13.3,32.7,.223
213,North Florida,32,7,25,.219,-15.72,-3.29,,5,13,,5,8,,2,14,,2547,2821,,72.5,109.4,.288,.511,.570,45.2,50.6,7.0,3.4,.536,15.2,26.8,.223
214,North Texas,33,19,14,.576,1.98,1.04,,9,9,,12,5,,5,7,,2341,2225,,66.5,104.2,.399,.325,.515,50.0,51.1,13.7,13.5,.474,14.2,33.4,.277
215,Northeastern,31,7,24,.226,-9.18,-3.12,,2,16,,2,10,,3,13,,2322,2510,,69.6,107.1,.294,.378,.549,47.5,55.7,10.0,8.1,.524,14.4,27.3,.203
216,Northern Arizona,32,10,22,.313,-11.12,-1.60,,4,14,,9,7,,1,13,,2282,2445,,66.6,107.1,.330,.368,.558,45.8,51.8,10.3,7.9,.533,14.1,24.2,.224
217,Northern Colorado,32,20,12,.625,-0.13,-2.89,,10,8,,11,3,,8,7,,2640,2449,,70.0,116.0,.267,.429,.594,53.4,54.8,6.1,6.8,.568,13.5,28.6,.203
218,Northern Illinois,30,9,21,.300,-15.10,-2.57,,4,14,,6,7,,3,14,,2086,2334,,69.7,99.7,.381,.450,.519,50.6,52.8,8.7,5.3,.486,18.2,32.4,.253
219,Northern Iowa NCAA,36,23,13,.639,7.84,1.78,,11,9,,12,5,,6,6,,2500,2223,,63.6,108.4,.254,.395,.564,48.9,56.9,10.1,9.8,.544,13.1,21.9,.176
220,Northern Kentucky,34,20,14,.588,-2.63,-4.85,,10,10,,12,5,,7,8,,2827,2634,,71.8,114.9,.362,.446,.574,50.4,54.6,11.9,9.7,.544,14.0,33.1,.258
,,Overall,Overall,Overall,Overall,Overall,Overall,,Conf.,Conf.,,Home,Home,,Away,Away,,Points,Points,,School Advanced,School Advanced,School Advanced,School Advanced,School Advanced,School Advanced,School Advanced,School Advanced,School Advanced,School Advanced,School Advanced,School Advanced,School Advanced
221,Northwestern,34,15,19,.441,12.30,11.13,,5,15,,9,7,,3,8,,2487,2447,,65.3,111.6,.339,.340,.555,46.8,65.8,8.8,10.6,.517,11.5,28.1,.255
222,Northwestern State,32,10,22,.313,-9.55,-2.72,,8,14,,8,6,,2,15,,2185,2317,,65.7,103.5,.403,.338,.540,47.8,51.4,9.8,6.9,.494,15.6,27.2,.299
223,Notre Dame,31,13,18,.419,8.50,9.37,,4,14,,10,7,,2,9,,2308,2335,,66.7,109.9,.341,.435,.552,52.1,47.4,6.6,7.3,.523,14.6,31.2,.237
224,Oakland,32,16,16,.500,-1.54,-0.32,,12,8,,7,6,,8,9,,2642,2614,,71.4,115.7,.380,.339,.572,49.0,54.4,10.7,9.6,.533,12.7,31.6,.285
225,Ohio,32,15,17,.469,-4.96,-1.66,,9,9,,10,6,,4,8,,2492,2515,,70.4,109.7,.370,.380,.553,48.2,48.9,8.6,9.1,.520,13.4,28.7,.261
226,Ohio State NCAA,34,21,13,.618,18.66,11.92,,12,8,,14,3,,5,6,,2697,2468,,66.4,118.1,.372,.401,.601,51.4,52.6,7.2,7.0,.562,13.5,30.4,.289
227,Oklahoma,37,21,16,.568,14.73,9.27,,7,11,,11,5,,4,7,,3067,2865,,68.5,119.5,.355,.436,.584,50.4,50.9,9.2,10.7,.549,12.3,32.8,.268
228,Oklahoma State,35,20,15,.571,10.66,10.01,,6,12,,15,6,,2,7,,2935,2912,,74.0,112.1,.394,.355,.562,50.6,50.4,9.4,7.2,.520,13.6,30.8,.294
229,Old Dominion,33,12,21,.364,-7.44,-4.44,,7,11,,7,6,,4,14,,2514,2570,,70.4,107.4,.347,.362,.545,48.4,49.2,8.1,8.3,.508,13.5,26.5,.255
230,Omaha,33,16,17,.485,-7.67,-3.91,,8,8,,10,4,,5,10,,2507,2522,,68.7,110.2,.331,.416,.569,50.3,48.9,8.3,8.8,.536,14.2,26.9,.244
231,Oral Roberts,33,10,23,.303,-10.50,-2.60,,4,12,,7,8,,1,13,,2420,2558,,69.8,104.3,.366,.461,.544,49.6,48.3,8.5,9.0,.502,16.5,29.6,.272
232,Oregon,32,12,20,.375,8.62,11.72,,5,15,,10,7,,2,8,,2267,2366,,66.5,106.1,.350,.428,.534,49.9,59.0,9.1,11.7,.495,15.1,32.3,.255
233,Oregon State,33,17,16,.515,0.40,3.43,,9,9,,12,5,,4,7,,2347,2447,,66.2,105.8,.431,.443,.557,48.2,61.2,8.2,10.7,.505,15.7,26.8,.333
234,Pacific,33,18,15,.545,3.99,2.47,,8,10,,11,3,,4,11,,2399,2271,,65.9,109.9,.298,.355,.563,56.3,58.0,8.2,7.1,.530,16.8,35.8,.225
235,Penn State,32,12,20,.375,3.73,9.39,,3,17,,9,8,,2,9,,2358,2539,,67.5,109.2,.338,.381,.566,46.7,48.3,10.3,5.2,.530,13.9,25.9,.253
236,Pennsylvania NCAA,30,18,12,.600,-1.04,-1.01,,9,5,,12,2,,4,8,,2277,2231,,69.3,108.6,.353,.352,.540,49.7,52.5,9.4,8.6,.508,13.2,30.9,.245
237,Pepperdine,32,9,23,.281,-6.26,3.05,,4,14,,7,10,,2,11,,2312,2546,,69.5,103.2,.331,.385,.529,48.6,56.0,8.6,7.7,.488,15.8,31.3,.248
238,Pittsburgh,33,13,20,.394,8.06,9.36,,5,13,,8,10,,3,8,,2327,2370,,64.5,108.4,.304,.426,.535,51.9,52.3,10.1,9.5,.510,14.6,33.9,.205
239,Portland,34,15,19,.441,-2.52,3.51,,6,12,,12,6,,1,12,,2530,2669,,70.5,104.8,.355,.348,.556,49.8,62.1,8.3,9.0,.518,17.0,29.3,.262
240,Portland State,31,20,11,.645,-0.34,-3.05,,13,5,,11,3,,8,7,,2376,2179,,69.6,109.3,.357,.345,.550,53.0,52.8,10.9,11.5,.517,14.3,31.9,.253
,,Overall,Overall,Overall,Overall,Overall,Overall,,Conf.,Conf.,,Home,Home,,Away,Away,,Points,Points,,School Advanced,School Advanced,School Advanced,School Advanced,School Advanced,School Advanced,School Advanced,School Advanced,School Advanced,School Advanced,School Advanced,School Advanced,School Advanced
241,Prairie View A&M NCAA,37,19,18,.514,-13.16,-9.10,,9,9,,10,3,,3,13,,2883,2831,,73.5,105.7,.420,.305,.541,46.8,44.0,10.7,12.2,.490,14.0,27.6,.318
242,Presbyterian,33,15,18,.455,-8.47,-5.37,,7,9,,10,4,,3,13,,2388,2382,,66.7,107.2,.399,.291,.554,52.9,50.3,8.5,12.7,.522,16.6,33.9,.274
243,Princeton,29,9,20,.310,-7.21,-2.24,,5,9,,8,4,,1,12,,1989,2087,,64.7,105.1,.341,.446,.541,49.8,55.3,7.3,6.6,.500,14.8,28.0,.257
244,Providence,33,15,18,.455,10.67,9.36,,7,13,,10,6,,3,8,,2815,2772,,72.3,115.0,.367,.405,.586,51.7,47.5,7.2,9.6,.550,14.5,31.7,.278
245,Purdue NCAA,39,30,9,.769,25.08,13.98,,13,7,,12,5,,8,3,,3184,2751,,65.2,124.8,.286,.402,.601,55.2,65.6,8.4,8.8,.576,11.6,36.4,.213
246,Purdue Fort Wayne,32,17,15,.531,-7.46,-2.90,,11,9,,11,4,,6,11,,2499,2467,,70.2,111.2,.299,.444,.570,45.2,49.2,12.2,9.5,.544,12.7,23.6,.213
247,Queens (NC) NCAA,35,21,14,.600,-3.75,-4.40,,13,5,,12,2,,6,10,,2957,2924,,70.9,118.4,.365,.468,.597,48.4,55.2,8.4,7.9,.565,13.0,30.0,.270
248,Quinnipiac,32,19,13,.594,-5.58,-7.13,,12,8,,10,5,,9,7,,2411,2303,,70.0,106.8,.331,.341,.520,51.2,50.5,11.2,11.4,.488,13.1,34.4,.227
249,Radford,32,16,16,.500,-7.31,-6.38,,9,7,,12,5,,4,8,,2604,2523,,72.3,110.9,.401,.455,.561,49.3,47.7,10.7,9.4,.526,14.7,31.3,.283
250,Rhode Island,32,16,16,.500,2.28,0.60,,7,11,,10,6,,4,7,,2236,2182,,66.0,105.0,.384,.435,.541,49.2,47.9,12.6,12.0,.501,16.5,31.0,.277
251,Rice,31,13,18,.419,-4.54,0.22,,7,11,,8,8,,4,9,,2291,2311,,67.2,108.3,.340,.440,.527,50.9,48.3,9.8,10.5,.496,14.8,36.0,.233
252,Richmond,32,15,17,.469,2.11,0.15,,5,13,,11,7,,3,8,,2455,2366,,68.6,111.3,.367,.428,.565,47.7,54.7,10.2,7.4,.525,12.5,25.3,.276
253,Rider,29,4,25,.138,-19.19,-5.04,,3,17,,4,9,,0,16,,1840,2204,,65.9,96.3,.308,.275,.471,48.8,44.4,9.2,9.8,.433,14.3,32.9,.214
254,Robert Morris,33,22,11,.667,-1.48,-4.90,,13,7,,14,3,,8,7,,2555,2379,,66.4,114.5,.273,.401,.569,55.2,62.2,8.5,7.3,.549,15.6,38.6,.189
255,Rutgers,34,14,20,.412,4.40,9.20,,6,14,,10,7,,2,9,,2398,2561,,66.7,104.5,.363,.342,.517,47.6,50.1,9.0,9.6,.472,12.9,29.7,.269
256,Sacramento State,31,10,21,.323,-8.18,-0.47,,6,12,,10,4,,0,16,,2408,2542,,72.9,106.1,.407,.368,.536,46.3,50.8,10.4,9.1,.482,12.6,25.4,.316
257,Sacred Heart,33,14,19,.424,-11.38,-8.16,,9,11,,8,5,,5,13,,2482,2528,,68.4,109.6,.302,.507,.562,49.7,58.6,8.3,8.5,.525,15.3,29.5,.234
258,Saint Francis (PA),31,7,24,.226,-19.09,-6.06,,5,13,,5,8,,2,14,,2216,2510,,70.3,101.2,.305,.381,.525,47.3,52.5,10.5,6.0,.495,16.0,28.7,.212
259,Saint Joseph's,36,24,12,.667,2.97,1.71,,13,5,,13,3,,8,8,,2633,2529,,68.4,106.5,.301,.447,.532,51.9,60.0,8.1,12.6,.497,14.5,32.5,.223
260,Saint Louis NCAA,35,29,6,.829,17.64,2.76,,15,3,,19,0,,7,3,,3053,2466,,72.2,120.8,.332,.453,.624,54.8,60.2,9.9,9.8,.599,15.0,31.5,.246
,,Overall,Overall,Overall,Overall,Overall,Overall,,Conf.,Conf.,,Home,Home,,Away,Away,,Points,Points,,School Advanced,School Advanced,School Advanced,School Advanced,School Advanced,School Advanced,School Advanced,School Advanced,School Advanced,School Advanced,School Advanced,School Advanced,School Advanced
261,Saint Mary's NCAA,33,27,6,.818,17.07,5.54,,16,2,,17,0,,8,2,,2552,2129,,66.3,116.7,.359,.365,.576,57.9,57.8,8.5,9.8,.531,14.1,37.7,.286
262,Saint Peter's,29,17,12,.586,-7.49,-7.63,,14,6,,13,1,,4,10,,2054,1984,,65.9,106.6,.350,.392,.517,50.8,53.7,13.5,11.5,.474,14.5,37.2,.256
263,Sam Houston,34,22,12,.647,2.96,-0.14,,13,7,,13,1,,6,10,,2797,2554,,71.2,115.5,.340,.362,.562,54.4,53.0,10.0,8.0,.531,13.9,37.5,.244
264,Samford,32,18,14,.563,-5.42,-6.25,,11,7,,11,3,,6,9,,2525,2409,,68.7,113.5,.409,.465,.568,50.6,56.0,6.6,7.2,.537,11.7,25.7,.282
265,San Diego,33,12,21,.364,-3.83,2.21,,5,13,,9,8,,2,11,,2458,2570,,69.3,106.2,.257,.431,.551,47.0,60.0,11.2,8.0,.521,15.6,29.1,.195
266,San Diego State,33,22,11,.667,13.58,8.08,,14,6,,14,2,,5,5,,2580,2342,,69.5,110.4,.383,.332,.568,51.0,54.2,10.8,15.2,.532,14.9,30.7,.280
267,San Francisco,33,17,16,.515,4.00,3.84,,8,10,,9,6,,4,7,,2464,2414,,67.1,110.4,.394,.459,.553,51.8,56.2,7.9,7.8,.516,13.9,31.7,.281
268,San Jose State,33,9,24,.273,-2.06,6.35,,3,17,,6,10,,1,12,,2376,2591,,66.0,108.7,.334,.382,.542,46.1,42.8,8.7,6.6,.505,13.2,30.0,.245
269,Santa Clara NCAA,35,26,9,.743,15.48,6.09,,15,3,,14,1,,8,3,,2901,2552,,69.6,118.7,.250,.451,.569,51.7,55.3,12.7,10.7,.544,12.8,36.4,.185
270,Seattle,35,21,14,.600,4.59,2.71,,8,10,,14,4,,5,8,,2525,2354,,69.2,103.9,.346,.387,.539,47.3,53.6,11.6,13.9,.505,14.7,25.5,.245
271,Seton Hall,33,21,12,.636,13.28,8.28,,10,10,,12,5,,6,5,,2321,2156,,66.5,105.8,.353,.268,.517,51.7,51.6,13.9,18.7,.476,14.0,35.6,.255
272,Siena NCAA,35,23,12,.657,-3.64,-8.18,,13,7,,9,4,,9,7,,2463,2304,,64.2,109.2,.334,.322,.546,51.8,53.2,9.0,9.1,.504,13.7,31.8,.257
273,South Alabama,33,21,12,.636,-4.29,-6.22,,11,7,,10,4,,8,7,,2454,2312,,66.1,110.3,.387,.366,.555,48.9,45.3,12.0,10.6,.529,11.4,25.4,.255
274,South Carolina,32,13,19,.406,7.28,8.81,,4,14,,11,8,,2,8,,2398,2447,,68.0,109.0,.367,.444,.550,47.6,52.9,8.0,6.2,.503,12.7,27.2,.287
275,South Carolina State,32,10,22,.313,-21.97,-8.81,,7,7,,6,5,,3,16,,2147,2522,,70.2,95.6,.410,.329,.506,47.0,52.9,9.9,11.3,.468,18.2,32.0,.274
276,South Carolina Upstate,32,13,19,.406,-10.39,-5.70,,5,11,,10,5,,3,13,,2376,2357,,70.0,104.5,.327,.363,.530,49.8,48.1,9.4,12.3,.500,15.1,29.9,.224
277,South Dakota,32,16,16,.500,-9.01,-5.29,,8,8,,12,5,,3,10,,2547,2566,,71.3,110.0,.448,.356,.557,50.0,46.3,8.6,5.8,.510,14.2,30.3,.330
278,South Dakota State,32,14,18,.438,-3.50,-3.36,,7,9,,9,4,,4,9,,2413,2331,,67.9,110.6,.300,.393,.555,53.5,52.2,8.4,7.5,.528,14.0,31.4,.213
279,South Florida NCAA,34,25,9,.735,13.42,3.17,,15,3,,13,2,,9,3,,2974,2575,,73.2,117.3,.404,.439,.553,53.0,58.9,12.5,11.1,.509,12.3,38.0,.301
280,Southeast Missouri State,33,20,13,.606,-7.19,-8.15,,14,6,,10,5,,8,7,,2460,2331,,70.5,105.3,.383,.363,.540,50.9,47.4,9.6,10.0,.505,14.6,29.7,.267
,,Overall,Overall,Overall,Overall,Overall,Overall,,Conf.,Conf.,,Home,Home,,Away,Away,,Points,Points,,School Advanced,School Advanced,School Advanced,School Advanced,School Advanced,School Advanced,School Advanced,School Advanced,School Advanced,School Advanced,School Advanced,School Advanced,School Advanced
281,Southeastern Louisiana,31,9,22,.290,-9.56,-3.10,,6,16,,5,7,,2,15,,2016,2184,,65.8,98.4,.396,.397,.510,48.1,52.4,10.5,8.5,.470,16.3,29.1,.271
282,Southern,34,17,17,.500,-11.25,-7.22,,11,7,,8,4,,7,12,,2707,2650,,72.5,108.7,.395,.325,.546,50.2,54.0,12.7,10.6,.510,14.1,32.0,.276
283,Southern California,32,18,14,.563,10.31,10.89,,7,13,,9,7,,5,6,,2515,2494,,71.0,108.5,.441,.336,.551,51.5,57.2,8.8,15.3,.507,14.9,33.3,.319
284,Southern Illinois,32,16,16,.500,2.74,0.52,,10,10,,8,6,,7,8,,2336,2226,,69.8,103.4,.315,.296,.522,52.2,49.2,11.4,10.4,.493,14.7,31.2,.214
285,SIU Edwardsville,32,19,13,.594,-8.80,-10.59,,12,8,,10,5,,8,7,,2271,2070,,66.5,105.9,.307,.363,.534,51.2,51.1,11.3,11.3,.508,15.0,31.5,.207
286,Southern Indiana,30,7,23,.233,-16.58,-9.33,,4,16,,3,10,,4,11,,2061,2210,,68.8,99.1,.365,.405,.485,48.4,44.3,9.1,9.8,.449,14.4,32.2,.240
287,Southern Methodist NCAA,34,20,14,.588,16.08,9.96,,8,10,,15,3,,3,8,,2858,2650,,70.6,118.2,.304,.359,.585,52.4,54.9,9.8,11.0,.556,13.4,35.4,.226
288,Southern Mississippi,35,19,16,.543,-5.66,-4.79,,9,9,,10,3,,4,11,,2615,2585,,69.9,106.1,.429,.298,.543,52.3,44.6,10.5,11.0,.496,15.8,32.6,.315
289,Southern Utah,32,10,22,.313,-9.43,-0.46,,6,12,,7,6,,2,15,,2442,2544,,72.0,105.6,.334,.365,.556,49.9,51.4,7.7,9.5,.523,17.1,30.0,.241
290,St. Bonaventure,34,17,17,.500,2.26,1.53,,4,14,,9,7,,4,7,,2596,2532,,67.4,112.4,.297,.315,.558,52.4,55.9,11.2,13.7,.526,14.3,34.7,.221
291,St. John's (NY) NCAA,37,30,7,.811,22.65,11.38,,18,2,,15,2,,9,1,,2994,2577,,70.6,114.3,.402,.352,.551,52.6,57.9,10.9,12.1,.511,12.2,35.2,.290
292,St. Thomas,34,24,10,.706,2.44,-5.37,,12,4,,14,1,,8,7,,2780,2433,,70.0,116.8,.342,.459,.607,50.0,57.4,10.6,7.5,.589,12.7,22.8,.233
293,Stanford,33,20,13,.606,11.92,8.89,,9,9,,12,6,,5,5,,2508,2408,,67.9,111.6,.355,.440,.552,50.6,45.8,11.4,10.5,.515,13.3,32.5,.260
294,Stephen F. Austin,34,28,6,.824,3.92,-4.33,,20,2,,15,1,,12,4,,2604,2265,,66.8,114.3,.292,.399,.545,52.6,49.2,10.6,10.2,.521,11.7,34.7,.198
295,Stetson,33,12,21,.364,-12.95,-4.95,,7,11,,9,5,,2,14,,2431,2631,,68.5,107.2,.327,.451,.562,48.5,59.3,9.1,5.8,.538,16.1,28.2,.223
296,Stonehill,33,12,21,.364,-14.82,-9.49,,8,10,,8,5,,4,15,,2191,2263,,67.1,97.5,.285,.406,.509,51.6,52.3,7.1,9.9,.480,16.6,28.2,.196
297,Stony Brook,32,17,15,.531,-5.74,-3.98,,9,9,,12,4,,4,9,,2295,2277,,67.0,105.9,.282,.460,.535,48.1,52.8,10.0,10.7,.505,14.4,28.3,.203
298,Syracuse,32,15,17,.469,9.75,9.00,,6,12,,12,6,,2,7,,2400,2376,,67.8,108.5,.351,.372,.548,48.0,47.1,9.0,15.4,.526,13.9,29.2,.228
299,Tarleton State,32,14,18,.438,-4.99,-1.70,,5,13,,10,6,,4,11,,2385,2349,,71.4,103.2,.409,.246,.538,48.8,42.8,14.3,9.8,.490,17.2,32.0,.305
300,Temple,32,16,16,.500,0.96,-0.85,,8,10,,10,6,,5,6,,2366,2264,,65.6,112.2,.408,.360,.553,50.1,49.2,8.6,11.2,.508,11.9,29.9,.305
,,Overall,Overall,Overall,Overall,Overall,Overall,,Conf.,Conf.,,Home,Home,,Away,Away,,Points,Points,,School Advanced,School Advanced,School Advanced,School Advanced,School Advanced,School Advanced,School Advanced,School Advanced,School Advanced,School Advanced,School Advanced,School Advanced,School Advanced
301,Tennessee NCAA,37,25,12,.676,21.97,12.70,,11,7,,14,3,,5,5,,2917,2574,,67.4,115.8,.374,.321,.547,58.7,60.4,10.7,11.6,.514,14.1,44.7,.259
302,Tennessee State NCAA,33,23,10,.697,-4.94,-7.81,,15,5,,10,2,,10,7,,2651,2455,,72.2,110.9,.337,.306,.549,52.6,45.7,12.9,10.4,.509,14.4,35.3,.257
303,Tennessee Tech,31,13,18,.419,-13.61,-8.25,,8,12,,8,6,,5,12,,2272,2308,,69.6,105.4,.359,.377,.546,51.7,47.8,8.5,7.7,.503,16.5,32.1,.273
304,Tennessee-Martin,33,22,11,.667,-6.28,-9.41,,13,7,,12,3,,8,6,,2303,2085,,66.9,103.8,.364,.465,.524,54.4,56.9,13.2,13.0,.491,17.8,38.6,.247
305,Texas NCAA,36,21,15,.583,16.82,11.22,,9,9,,12,5,,4,6,,2979,2742,,68.7,119.6,.435,.357,.588,55.1,44.1,8.1,7.6,.547,13.2,36.0,.323
306,Texas A&M NCAA,34,22,12,.647,16.17,9.02,,11,7,,14,4,,6,5,,2927,2684,,72.0,117.1,.371,.462,.574,49.5,61.2,11.0,8.5,.538,12.6,32.0,.273
307,Texas A&M-Corpus Christi,33,18,15,.545,-2.78,-1.92,,13,9,,10,5,,7,9,,2393,2234,,68.2,105.9,.387,.319,.545,53.0,52.0,11.1,8.8,.514,16.6,33.4,.262
308,Texas Christian NCAA,35,23,12,.657,15.25,9.97,,11,7,,14,5,,5,5,,2708,2523,,69.4,110.2,.375,.368,.540,51.6,57.3,11.0,12.6,.504,13.0,34.0,.264
309,Texas Southern,30,12,18,.400,-14.44,-8.37,,10,8,,9,5,,3,12,,2251,2339,,71.2,103.7,.388,.321,.542,50.0,42.8,9.4,10.1,.503,16.5,29.4,.278
310,Texas State,32,19,13,.594,-7.49,-6.92,,11,7,,16,1,,3,9,,2365,2271,,67.8,107.7,.346,.248,.550,53.6,48.4,12.2,10.5,.509,15.9,34.6,.262
311,Texas Tech NCAA,34,23,11,.676,21.03,13.86,,12,6,,14,2,,5,5,,2729,2485,,67.9,117.8,.277,.476,.583,51.8,55.0,8.8,9.7,.561,13.5,33.2,.198
312,Texas-Rio Grande Valley,33,19,14,.576,0.72,-2.41,,14,8,,10,5,,8,8,,2505,2293,,66.6,112.6,.292,.441,.586,50.5,61.4,9.0,8.0,.557,15.7,29.6,.222
313,The Citadel,33,11,22,.333,-16.68,-6.08,,7,11,,7,8,,3,12,,2322,2558,,65.1,106.1,.288,.497,.529,47.9,51.7,8.4,7.6,.505,13.5,28.8,.194
314,Toledo,34,19,15,.559,0.52,-1.83,,11,7,,11,4,,5,9,,2755,2603,,69.8,116.0,.297,.323,.579,49.3,53.9,11.0,8.2,.548,12.7,30.6,.225
315,Towson,34,19,15,.559,-1.09,-1.72,,9,9,,11,3,,3,10,,2354,2248,,64.6,106.7,.299,.353,.508,53.9,40.3,9.2,10.0,.477,13.2,36.6,.208
316,Troy NCAA,34,22,12,.647,-1.20,-3.98,,12,6,,10,3,,9,7,,2696,2488,,67.9,112.6,.357,.459,.560,52.3,58.6,11.2,9.1,.522,14.5,35.1,.265
317,Tulane,33,18,15,.545,-2.60,1.03,,8,10,,10,8,,6,4,,2389,2493,,68.2,105.3,.434,.451,.548,44.3,55.5,11.2,12.6,.495,14.0,23.2,.332
318,Tulsa,38,30,8,.789,11.45,2.01,,13,5,,16,2,,8,4,,3233,2799,,69.1,121.1,.410,.465,.599,53.8,55.3,9.2,7.1,.556,13.2,34.1,.320
319,UAB,32,20,12,.625,3.50,-0.31,,11,7,,8,9,,10,2,,2535,2361,,70.8,110.5,.363,.305,.524,52.4,50.2,11.0,9.5,.486,10.5,33.0,.256
320,UC Davis,33,19,14,.576,-1.42,-1.46,,11,9,,12,4,,6,9,,2562,2478,,71.9,107.2,.406,.431,.564,48.2,60.3,11.1,7.7,.521,15.7,26.6,.304
,,Overall,Overall,Overall,Overall,Overall,Overall,,Conf.,Conf.,,Home,Home,,Away,Away,,Points,Points,,School Advanced,School Advanced,School Advanced,School Advanced,School Advanced,School Advanced,School Advanced,School Advanced,School Advanced,School Advanced,School Advanced,School Advanced,School Advanced
321,UC Irvine,35,23,12,.657,3.29,-1.53,,15,5,,12,5,,7,5,,2704,2402,,71.5,106.9,.353,.275,.541,52.4,56.7,11.0,15.0,.509,15.1,32.5,.245
322,UC Riverside,32,10,22,.313,-8.10,-0.63,,5,15,,7,7,,3,15,,2334,2492,,70.7,103.1,.345,.388,.536,49.4,50.2,7.6,10.2,.495,16.1,28.9,.256
323,UC San Diego,34,23,11,.676,2.00,-2.00,,12,8,,10,5,,8,5,,2573,2390,,69.8,108.4,.323,.427,.555,50.9,55.7,10.9,7.8,.528,14.4,27.3,.225
324,UC Santa Barbara,32,18,14,.563,0.83,-2.13,,11,9,,11,4,,5,8,,2483,2328,,67.5,113.2,.376,.432,.587,53.7,54.2,9.3,6.8,.549,16.3,32.2,.287
325,UCF NCAA,33,21,12,.636,12.95,10.65,,9,9,,13,5,,5,5,,2662,2586,,70.6,113.3,.305,.348,.556,52.8,53.7,7.8,8.1,.526,13.6,35.0,.223
326,UCLA NCAA,36,24,12,.667,17.64,11.61,,13,7,,17,1,,4,6,,2775,2558,,65.8,116.0,.331,.355,.571,49.1,59.2,10.0,9.8,.534,11.7,31.0,.252
327,UNC Asheville,32,15,17,.469,-6.27,-3.99,,8,8,,9,7,,4,9,,2349,2334,,67.5,107.5,.394,.352,.550,50.9,42.8,8.0,9.9,.517,15.3,31.3,.271
328,UNC Greensboro,34,15,19,.441,-11.45,-6.17,,9,9,,8,6,,4,9,,2673,2736,,69.0,112.6,.408,.396,.565,50.4,48.0,8.0,5.6,.530,12.8,28.6,.288
329,UNC Wilmington,34,27,7,.794,1.99,-4.51,,15,3,,15,4,,12,2,,2594,2313,,66.9,114.1,.406,.382,.543,54.3,51.4,8.0,7.3,.509,12.4,36.0,.277
330,UT Arlington,32,18,14,.563,-1.92,-1.88,,9,9,,9,4,,8,8,,2240,2134,,67.3,102.7,.416,.304,.527,53.9,48.1,11.2,9.9,.481,17.3,36.1,.299
331,Utah,32,10,22,.313,5.81,10.56,,2,16,,8,9,,1,10,,2379,2531,,68.0,108.8,.317,.375,.554,49.0,51.7,7.8,8.4,.520,14.6,29.3,.234
332,Utah State NCAA,36,29,7,.806,17.57,7.40,,15,5,,14,1,,7,5,,2958,2546,,68.4,119.7,.380,.412,.596,50.8,60.6,12.6,8.7,.569,13.1,32.9,.270
333,Utah Tech,34,19,15,.559,-3.77,-1.51,,11,7,,11,3,,6,10,,2612,2548,,68.9,108.8,.320,.385,.570,48.6,52.9,10.2,7.8,.540,15.5,28.6,.233
334,Utah Valley,34,25,9,.735,5.24,-1.63,,14,4,,15,1,,6,7,,2724,2338,,69.9,113.4,.363,.334,.584,53.7,63.2,13.4,14.7,.559,17.0,36.5,.252
335,UTEP,31,11,20,.355,-6.80,-0.55,,7,13,,9,7,,2,11,,2149,2244,,66.8,102.6,.351,.386,.527,47.3,48.8,11.3,10.5,.492,15.1,27.8,.245
336,UTSA,30,5,25,.167,-14.26,1.38,,1,17,,2,12,,2,12,,2084,2422,,70.2,99.0,.290,.406,.491,46.6,43.9,9.4,12.1,.459,14.5,31.0,.200
337,Valparaiso,33,18,15,.545,-0.44,0.25,,11,9,,13,4,,4,10,,2376,2358,,66.3,106.6,.383,.367,.523,50.8,49.4,8.8,9.6,.483,13.3,32.7,.270
338,Vanderbilt NCAA,36,27,9,.750,22.23,11.48,,11,7,,13,3,,8,4,,3086,2699,,70.4,120.9,.381,.442,.596,50.3,56.4,11.2,12.4,.553,11.7,31.2,.300
339,Vermont,34,22,12,.647,-7.02,-10.39,,12,4,,13,3,,8,7,,2496,2330,,64.7,112.2,.316,.449,.567,52.7,48.8,7.0,9.3,.539,12.7,27.1,.226
340,Villanova NCAA,33,24,9,.727,15.90,10.02,,15,5,,13,3,,9,3,,2545,2351,,66.5,114.7,.309,.457,.562,49.6,56.8,11.0,5.9,.538,12.8,32.2,.213
,,Overall,Overall,Overall,Overall,Overall,Overall,,Conf.,Conf.,,Home,Home,,Away,Away,,Points,Points,,School Advanced,School Advanced,School Advanced,School Advanced,School Advanced,School Advanced,School Advanced,School Advanced,School Advanced,School Advanced,School Advanced,School Advanced,School Advanced
341,Virginia NCAA,36,30,6,.833,20.61,9.00,,15,3,,16,1,,8,2,,2896,2478,,66.4,119.0,.323,.467,.576,55.0,58.3,9.4,17.4,.546,13.4,37.9,.235
342,Virginia Commonwealth NCAA,36,28,8,.778,13.17,4.11,,15,3,,15,2,,7,3,,2910,2584,,69.2,116.4,.420,.438,.576,51.2,51.9,10.6,11.2,.536,13.0,31.6,.309
343,VMI,32,6,26,.188,-20.90,-6.21,,1,17,,5,9,,1,14,,2303,2560,,68.6,104.9,.292,.540,.523,45.1,51.9,10.2,7.2,.490,12.7,26.5,.211
344,Virginia Tech,32,19,13,.594,12.75,8.84,,8,10,,14,3,,3,7,,2521,2396,,68.0,112.8,.340,.397,.558,49.8,52.4,9.2,8.7,.522,12.9,31.9,.253
345,Wagner,31,14,17,.452,-11.99,-8.88,,8,10,,8,5,,6,12,,2210,2222,,66.2,105.5,.311,.364,.535,52.8,49.5,8.2,7.0,.501,16.1,33.8,.227
346,Wake Forest,35,18,17,.514,11.73,9.84,,7,11,,13,7,,2,7,,2759,2693,,69.4,112.4,.352,.436,.568,48.8,53.5,11.0,11.2,.527,13.6,30.1,.273
347,Washington,33,16,17,.485,13.88,10.40,,7,13,,10,6,,4,9,,2545,2430,,68.0,112.2,.301,.346,.549,53.3,49.4,8.3,11.2,.512,13.0,34.6,.230
348,Washington State,32,12,20,.375,3.09,4.70,,7,11,,9,6,,1,11,,2435,2480,,69.2,110.0,.307,.448,.579,51.5,51.8,8.1,7.7,.549,16.5,30.1,.228
349,Weber State,32,16,16,.500,-3.20,-2.96,,10,8,,11,5,,5,10,,2598,2474,,70.7,113.6,.372,.333,.564,53.0,46.8,10.1,4.4,.527,13.3,32.7,.273
350,West Georgia,32,15,17,.469,-11.31,-6.14,,8,10,,10,5,,4,11,,2450,2547,,70.5,107.4,.291,.333,.531,50.7,45.1,9.1,13.0,.503,13.5,31.9,.204
351,West Virginia,35,21,14,.600,13.19,8.31,,9,9,,15,3,,3,6,,2472,2301,,64.1,108.2,.351,.430,.545,51.0,51.9,9.7,9.0,.516,14.5,30.5,.240
352,Western Carolina,31,15,16,.484,-6.61,-3.92,,10,8,,10,3,,4,12,,2432,2397,,69.1,112.6,.298,.411,.543,54.6,45.5,8.8,8.5,.513,13.7,36.7,.214
353,Western Illinois,31,5,26,.161,-23.76,-8.48,,1,19,,4,11,,1,15,,2011,2381,,67.2,96.2,.367,.333,.492,46.7,37.2,7.7,5.2,.455,15.1,28.9,.244
354,Western Kentucky,32,18,14,.563,0.35,-0.58,,11,9,,12,4,,5,7,,2537,2436,,71.1,110.6,.418,.399,.533,50.9,52.0,10.6,7.0,.481,12.3,32.5,.317
355,Western Michigan,31,10,21,.323,-8.59,-2.42,,4,14,,7,8,,3,13,,2318,2464,,69.7,106.9,.335,.351,.540,51.2,48.1,6.5,7.9,.502,14.9,31.2,.249
356,Wichita State,36,24,12,.667,9.47,2.67,,13,5,,15,3,,8,5,,2811,2547,,67.7,113.1,.358,.341,.533,54.8,41.5,8.7,9.8,.500,12.4,38.5,.249
357,William & Mary,32,20,12,.625,-0.33,-2.97,,10,8,,11,2,,6,9,,2660,2487,,73.9,112.5,.437,.425,.591,49.4,64.0,10.8,11.7,.551,14.7,26.9,.326
358,Winthrop,34,23,11,.676,-0.82,-4.59,,13,3,,13,1,,7,9,,2844,2566,,72.1,115.6,.432,.444,.555,54.0,52.4,9.7,8.6,.512,12.6,35.5,.315
359,Wisconsin NCAA,35,24,11,.686,18.88,12.02,,14,6,,15,2,,6,4,,2904,2664,,69.0,118.6,.315,.521,.582,50.4,57.3,8.0,8.6,.545,11.2,29.1,.248
360,Wofford,32,19,13,.594,-7.53,-7.33,,11,7,,10,5,,9,7,,2520,2468,,68.1,115.2,.363,.439,.562,50.5,51.8,8.5,8.6,.531,11.8,31.0,.256
,,Overall,Overall,Overall,Overall,Overall,Overall,,Conf.,Conf.,,Home,Home,,Away,Away,,Points,Points,,School Advanced,School Advanced,School Advanced,School Advanced,School Advanced,School Advanced,School Advanced,School Advanced,School Advanced,School Advanced,School Advanced,School Advanced,School Advanced
361,Wright State NCAA,35,23,12,.657,0.25,-3.90,,15,5,,11,5,,9,5,,2818,2579,,68.9,116.4,.371,.339,.582,52.7,48.0,10.7,11.6,.548,13.9,33.8,.274
362,Wyoming,33,18,15,.545,7.34,4.09,,9,11,,14,4,,3,10,,2537,2409,,67.8,113.4,.356,.423,.558,52.7,53.0,9.7,7.0,.521,13.8,34.5,.263
363,Xavier,33,15,18,.455,7.75,10.02,,6,14,,12,6,,1,10,,2586,2661,,71.2,109.2,.281,.406,.547,47.6,62.2,9.0,10.3,.518,12.3,26.5,.205
364,Yale,31,24,7,.774,5.69,-2.62,,11,3,,10,3,,9,3,,2520,2197,,66.0,121.6,.343,.364,.594,53.2,56.7,8.3,10.1,.564,12.0,34.0,.255
365,Youngstown State,32,15,17,.469,-4.62,-4.82,,8,12,,10,5,,4,11,,2495,2338,,69.0,112.5,.316,.489,.577,51.0,54.2,10.4,9.4,.547,15.8,32.1,.234
