Unnamed: 0_level_0_Rk,Unnamed: 1_level_0_School,Overall_G,Overall_W,Overall_L,Overall_W-L%,Overall_SRS,Overall_SOS,Unnamed: 8_level_0_Unnamed: 8_level_1,Conf._W,Conf._L,Unnamed: 11_level_0_Unnamed: 11_level_1,Home_W,Home_L,Unnamed: 14_level_0_Unnamed: 14_level_1,Away_W,Away_L,Unnamed: 17_level_0_Unnamed: 17_level_1,Points_Tm.,Points_Opp.,Unnamed: 20_level_0_Unnamed: 20_level_1,Opponent_MP,Opponent_FG,Opponent_FGA,Opponent_FG%,Opponent_3P,Opponent_3PA,Opponent_3P%,Opponent_FT,Opponent_FTA,Opponent_FT%,Opponent_ORB,Opponent_TRB,Opponent_AST,Opponent_STL,Opponent_BLK,Opponent_TOV,Opponent_PF
1,Abilene Christian,33,14,19,.424,-7.38,-1.45,,5,13,,9,5,,3,12,,2321,2389,,1325,793,1621,.489,196,498,.394,607,842,.721,266,1029,393,278,147,541,605
2,Air Force,32,3,29,.094,-13.75,4.60,,0,20,,3,15,,0,12,,1969,2556,,1280,900,1834,.491,268,712,.376,488,671,.727,321,1146,488,255,113,325,569
3,Akron NCAA,35,29,6,.829,8.48,-2.91,,17,1,,15,0,,9,3,,3075,2590,,1400,908,2127,.427,330,934,.353,444,616,.721,383,1157,467,221,100,470,547
4,Alabama NCAA,35,25,10,.714,23.03,14.57,,13,5,,12,3,,7,3,,3192,2896,,1410,1037,2401,.432,287,849,.338,535,769,.696,483,1395,488,224,133,334,675
5,Alabama A&M,33,18,15,.545,-13.31,-10.81,,10,8,,12,5,,4,8,,2378,2393,,1325,822,1860,.442,231,682,.339,518,714,.725,329,1129,463,202,99,372,634
6,Alabama State,32,10,22,.313,-14.49,-8.43,,7,11,,5,4,,4,15,,2341,2473,,1280,826,1837,.450,253,746,.339,568,774,.734,336,1159,453,243,127,441,560
7,Albany (NY),32,11,21,.344,-14.11,-8.29,,7,9,,6,5,,4,13,,2303,2332,,1280,814,1820,.447,252,719,.350,452,623,.726,331,1035,446,218,101,345,426
8,Alcorn State,32,9,23,.281,-20.14,-6.86,,7,11,,5,4,,2,18,,2141,2566,,1282,911,1850,.492,214,649,.330,530,729,.727,366,1182,507,234,134,403,493
9,American,32,16,16,.500,-7.25,-6.55,,9,9,,11,6,,5,10,,2387,2283,,1280,786,1689,.465,213,627,.340,498,688,.724,287,1070,418,198,94,422,541
10,Appalachian State,32,19,13,.594,-3.97,-5.87,,11,7,,11,4,,7,8,,2305,2114,,1285,739,1851,.399,240,763,.315,396,563,.703,341,1089,374,162,80,301,608
11,Arizona NCAA,39,36,3,.923,29.78,13.01,,16,2,,16,1,,9,1,,3360,2706,,1565,969,2458,.394,290,923,.314,478,666,.718,426,1239,486,240,148,455,776
12,Arizona State,33,17,16,.515,10.41,12.41,,7,11,,10,5,,2,9,,2519,2585,,1320,899,1984,.453,280,800,.350,505,681,.742,407,1199,498,244,113,430,654
13,Arkansas NCAA,37,28,9,.757,21.48,12.32,,13,5,,17,1,,5,5,,3337,2998,,1500,1087,2376,.457,288,906,.318,536,742,.722,415,1273,542,184,103,425,658
14,Arkansas State,32,20,12,.625,-0.93,-4.67,,11,7,,11,4,,9,7,,2655,2471,,1295,861,1960,.439,249,766,.325,500,713,.701,326,1067,440,284,106,368,618
15,Arkansas-Pine Bluff,32,13,19,.406,-15.11,-7.25,,10,8,,7,4,,6,14,,2472,2593,,1285,876,1908,.459,238,711,.335,603,809,.745,363,1158,473,244,100,395,529
16,Army,32,11,21,.344,-15.65,-7.51,,5,13,,6,10,,5,10,,2309,2471,,1305,844,1807,.467,261,749,.348,522,702,.744,285,1119,448,230,101,353,509
17,Auburn,38,22,16,.579,16.63,12.39,,7,11,,14,4,,2,8,,3154,2993,,1535,1043,2251,.463,331,903,.367,576,773,.745,395,1238,542,245,170,432,736
18,Austin Peay,31,22,9,.710,-2.53,-6.98,,15,3,,12,1,,9,7,,2530,2269,,1240,808,1805,.448,240,739,.325,413,585,.706,312,1067,429,204,98,425,560
19,Ball State,31,12,19,.387,-9.90,-4.59,,7,11,,7,7,,4,11,,2093,2154,,1250,753,1691,.445,232,694,.334,416,546,.762,293,1107,404,166,113,395,485
20,Baylor,34,17,17,.500,14.99,11.47,,6,12,,11,6,,3,7,,2778,2599,,1360,945,2063,.458,250,723,.346,459,613,.749,365,1089,461,232,108,378,601
,,Overall,Overall,Overall,Overall,Overall,Overall,,Conf.,Conf.,,Home,Home,,Away,Away,,Points,Points,,Opponent,Opponent,Opponent,Opponent,Opponent,Opponent,Opponent,Opponent,Opponent,Opponent,Opponent,Opponent,Opponent,Opponent,Opponent,Opponent,Opponent
21,Bellarmine,32,13,19,.406,-9.36,-5.00,,7,11,,9,5,,2,13,,2561,2614,,1290,898,1856,.484,372,936,.397,446,606,.736,342,1026,553,193,94,331,560
22,Belmont,32,26,6,.813,8.57,-0.79,,16,4,,13,2,,11,3,,2684,2347,,1290,793,1933,.410,319,949,.336,442,586,.754,348,1056,428,217,94,395,557
23,Bethune-Cookman,32,17,15,.531,-9.70,-6.76,,14,4,,10,1,,7,11,,2412,2462,,1295,857,1954,.439,216,660,.327,532,745,.714,377,1139,408,271,92,375,595
24,Binghamton,31,8,23,.258,-20.91,-11.01,,4,12,,7,8,,1,14,,2105,2321,,1265,828,1789,.463,250,701,.357,413,595,.694,303,1045,400,217,94,279,541
25,Boise State,32,20,12,.625,11.98,7.78,,12,8,,12,4,,6,5,,2502,2351,,1310,851,1841,.462,237,683,.347,412,579,.712,240,916,390,189,95,314,632
26,Boston College,31,11,20,.355,2.92,6.17,,4,14,,10,7,,1,10,,2090,2191,,1260,773,1811,.427,225,706,.319,420,626,.671,322,1163,376,192,105,311,530
27,Boston University,34,17,17,.500,-8.39,-8.54,,10,8,,10,5,,6,12,,2566,2514,,1395,897,1954,.459,290,795,.365,430,593,.725,312,1033,440,240,90,294,522
28,Bowling Green,32,18,14,.563,0.20,-3.83,,9,9,,10,7,,6,6,,2602,2290,,1285,785,1802,.436,256,752,.340,464,647,.717,282,1070,412,208,116,469,607
29,Bradley,34,21,13,.618,3.20,0.44,,13,7,,14,3,,4,7,,2626,2502,,1405,857,1892,.453,277,760,.364,511,717,.713,316,1212,461,168,103,463,621
30,Brigham Young NCAA,35,23,12,.657,20.39,12.27,,9,9,,12,3,,3,6,,2924,2640,,1405,953,2149,.443,296,838,.353,438,620,.706,381,1202,515,220,106,405,647
31,Brown,27,9,18,.333,-10.16,-4.92,,3,11,,6,8,,3,10,,1900,1892,,1100,641,1483,.432,207,631,.328,403,534,.755,258,927,356,207,91,364,414
32,Bryant,31,9,22,.290,-18.35,-8.08,,5,11,,8,5,,1,17,,2010,2246,,1255,805,1777,.453,224,632,.354,412,578,.713,321,1087,406,248,72,301,469
33,Bucknell,33,10,23,.303,-14.66,-5.72,,6,12,,6,8,,4,12,,2223,2518,,1336,857,1852,.463,313,846,.370,491,653,.752,334,1155,530,249,122,400,541
34,Buffalo,32,17,15,.531,-3.77,-4.24,,7,11,,7,8,,8,6,,2497,2438,,1290,874,1839,.475,268,766,.350,422,575,.734,317,1067,514,213,78,386,557
35,Butler,32,16,16,.500,10.28,8.44,,7,13,,10,7,,3,8,,2540,2481,,1300,931,2039,.457,255,765,.333,364,507,.718,349,1099,500,217,149,344,647
36,Cal Poly,33,14,19,.424,-4.52,-0.55,,10,10,,8,6,,6,11,,2710,2805,,1325,991,2154,.460,308,895,.344,515,711,.724,383,1245,520,239,112,413,649
37,Cal State Bakersfield,32,8,24,.250,-13.06,-1.63,,2,18,,6,11,,2,13,,2339,2629,,1280,890,1915,.465,262,735,.356,587,816,.719,402,1227,475,240,116,428,619
38,Cal State Fullerton,34,18,16,.529,-2.18,-0.31,,12,8,,10,4,,6,10,,2822,2778,,1360,956,2088,.458,324,958,.338,542,723,.750,341,1302,561,207,96,512,688
39,Cal State Northridge,34,20,14,.588,-2.34,-1.65,,12,8,,12,3,,7,8,,2767,2713,,1365,906,2132,.425,350,1036,.338,551,730,.755,344,1230,530,268,145,435,624
40,California,34,22,12,.647,11.15,6.82,,9,9,,17,5,,4,6,,2658,2493,,1370,878,2015,.436,258,825,.313,479,728,.658,377,1244,497,178,126,390,615
,,Overall,Overall,Overall,Overall,Overall,Overall,,Conf.,Conf.,,Home,Home,,Away,Away,,Points,Points,,Opponent,Opponent,Opponent,Opponent,Opponent,Opponent,Opponent,Opponent,Opponent,Opponent,Opponent,Opponent,Opponent,Opponent,Opponent,Opponent,Opponent
41,California Baptist NCAA,34,25,9,.735,2.56,-2.50,,13,5,,15,0,,7,7,,2470,2298,,1375,804,1931,.416,180,611,.295,510,707,.721,332,1116,366,230,132,394,609
42,Campbell,34,16,18,.471,-3.20,-0.45,,8,10,,10,4,,3,13,,2691,2639,,1360,954,1999,.477,207,591,.350,524,711,.737,349,1125,467,236,126,415,668
43,Canisius,31,10,21,.323,-17.00,-7.87,,5,15,,7,8,,3,13,,1951,2184,,1245,756,1696,.446,243,746,.326,429,596,.720,300,1058,424,207,101,329,478
44,Central Arkansas,34,22,12,.647,-1.72,-5.03,,15,3,,14,1,,6,10,,2749,2541,,1385,887,1977,.449,356,1040,.342,411,564,.729,303,1175,547,223,112,469,571
45,Central Connecticut State,30,18,12,.600,-11.55,-10.16,,12,6,,10,4,,8,8,,2215,2127,,1205,771,1794,.430,236,718,.329,349,457,.764,307,990,420,189,68,282,476
46,Central Michigan,31,10,21,.323,-8.76,-2.76,,6,12,,8,5,,1,15,,2275,2384,,1240,835,1803,.463,242,707,.342,472,689,.685,359,1093,488,244,99,380,523
47,Charleston Southern,32,15,17,.469,-6.83,-6.80,,6,10,,10,4,,5,11,,2670,2563,,1310,871,2109,.413,202,662,.305,619,873,.709,399,1263,336,261,97,305,557
48,Charlotte,34,17,17,.500,-0.24,1.03,,9,9,,11,6,,4,8,,2492,2530,,1385,878,1981,.443,272,805,.338,502,706,.711,381,1105,446,228,97,306,568
49,Chattanooga,32,13,19,.406,-11.09,-7.16,,7,11,,7,8,,6,9,,2454,2408,,1280,800,1875,.427,269,821,.328,539,764,.705,351,1139,417,180,72,301,512
50,Chicago State,32,7,25,.219,-16.47,-5.12,,5,13,,5,6,,2,19,,2105,2434,,1285,818,1727,.474,318,891,.357,480,642,.748,340,1160,591,177,108,427,489
51,Cincinnati,33,18,15,.545,15.15,9.60,,9,9,,15,3,,2,8,,2413,2230,,1325,791,1922,.412,238,767,.310,410,577,.711,325,1156,431,189,76,417,530
52,Clemson NCAA,35,24,11,.686,16.35,9.32,,12,6,,13,3,,6,5,,2582,2336,,1410,794,1898,.418,266,820,.324,482,644,.748,309,1143,365,192,113,400,632
53,Cleveland State,33,11,22,.333,-13.29,-3.25,,6,14,,7,8,,3,13,,2633,2836,,1320,984,2055,.479,321,905,.355,547,724,.756,405,1193,572,224,129,369,623
54,Coastal Carolina,32,19,13,.594,-7.72,-5.97,,11,7,,8,5,,10,7,,2346,2323,,1310,803,2005,.400,233,733,.318,484,682,.710,345,1229,303,181,82,277,535
55,Colgate,33,18,15,.545,-6.26,-5.64,,11,7,,9,5,,6,10,,2522,2462,,1350,864,1958,.441,274,802,.342,460,642,.717,340,1126,467,191,77,348,533
56,College of Charleston,32,21,11,.656,-1.44,-2.86,,14,4,,11,4,,8,4,,2413,2348,,1290,849,2031,.418,285,882,.323,365,523,.698,405,1192,447,201,98,332,621
57,Colorado,33,17,16,.515,10.48,10.08,,7,11,,13,5,,2,8,,2645,2632,,1335,914,1989,.460,263,724,.363,541,728,.743,342,1149,468,197,118,358,613
58,Colorado State,34,21,13,.618,8.19,4.92,,11,9,,12,6,,6,5,,2574,2416,,1360,850,1881,.452,274,810,.338,442,635,.696,327,1019,397,228,78,345,634
59,Columbia,28,16,12,.571,-2.85,-4.24,,5,9,,9,5,,7,7,,2146,2007,,1130,706,1627,.434,200,590,.339,395,533,.741,259,858,411,191,108,284,436
60,Connecticut NCAA,40,34,6,.850,23.42,12.02,,17,3,,15,2,,9,2,,3064,2608,,1610,868,2155,.403,234,776,.302,638,878,.727,400,1255,427,225,140,471,676
,,Overall,Overall,Overall,Overall,Overall,Overall,,Conf.,Conf.,,Home,Home,,Away,Away,,Points,Points,,Opponent,Opponent,Opponent,Opponent,Opponent,Opponent,Opponent,Opponent,Opponent,Opponent,Opponent,Opponent,Opponent,Opponent,Opponent,Opponent,Opponent
61,Coppin State,31,7,24,.226,-24.92,-8.19,,5,9,,3,6,,4,15,,2032,2493,,1245,825,1768,.467,291,769,.378,552,742,.744,346,1108,514,276,131,387,554
62,Cornell,28,15,13,.536,-1.98,-3.14,,8,6,,7,4,,8,8,,2477,2335,,1130,824,1728,.477,247,664,.372,440,614,.717,289,939,468,191,78,318,479
63,Creighton,34,16,18,.471,10.16,10.19,,9,11,,10,6,,4,8,,2556,2557,,1365,972,2139,.454,241,686,.351,372,530,.702,368,1223,488,233,108,321,557
64,Dartmouth,27,11,16,.407,-8.52,-3.20,,5,9,,5,8,,6,8,,2047,2071,,1085,750,1677,.447,225,666,.338,346,485,.713,280,965,387,199,80,261,486
65,Davidson,34,20,14,.588,4.21,2.86,,10,8,,11,7,,7,5,,2447,2309,,1375,812,1849,.439,218,672,.324,467,677,.690,333,1152,394,202,96,395,567
66,Dayton,37,25,12,.676,9.01,4.17,,12,6,,14,4,,8,5,,2743,2564,,1495,884,2018,.438,292,825,.354,504,716,.704,359,1246,448,249,133,530,743
67,Delaware,31,10,21,.323,-8.83,-2.63,,6,14,,5,10,,4,10,,2098,2293,,1265,796,1823,.437,273,784,.348,428,553,.774,334,1074,476,234,90,282,454
68,Delaware State,31,8,23,.258,-22.69,-10.95,,2,12,,5,7,,2,14,,1896,2185,,1250,768,1646,.467,196,577,.340,453,635,.713,285,1065,425,205,124,410,489
69,Denver,32,15,17,.469,-6.12,-2.40,,8,8,,9,5,,6,11,,2650,2650,,1280,950,1950,.487,269,728,.370,481,691,.696,350,1097,407,188,88,291,598
70,DePaul,32,16,16,.500,7.32,6.63,,8,12,,11,7,,4,7,,2248,2226,,1280,767,1772,.433,213,601,.354,479,670,.715,331,1097,441,235,118,404,555
71,Detroit Mercy,32,17,15,.531,-5.81,-3.38,,12,8,,9,5,,7,9,,2471,2475,,1280,848,1912,.444,266,814,.327,513,722,.711,348,1107,492,199,105,330,576
72,Drake,34,14,20,.412,-1.34,1.03,,6,14,,6,11,,4,7,,2552,2544,,1370,896,2039,.439,325,902,.360,427,628,.680,358,1237,496,204,90,353,577
73,Drexel,33,17,16,.515,-4.98,-4.73,,10,8,,12,4,,4,9,,2247,2221,,1320,775,1859,.417,189,630,.300,482,641,.752,353,1123,363,242,102,360,549
74,Duke NCAA,38,35,3,.921,30.15,12.15,,17,1,,15,0,,10,1,,3102,2418,,1520,875,2225,.393,307,1002,.306,361,507,.712,357,1112,458,246,119,439,689
75,Duquesne,33,18,15,.545,3.27,2.23,,9,9,,12,6,,5,7,,2584,2481,,1340,843,1887,.447,269,753,.357,526,721,.730,333,1116,459,236,136,432,580
76,East Carolina,31,11,20,.355,-5.80,0.36,,6,12,,7,10,,4,8,,2217,2401,,1255,855,1889,.453,256,735,.348,435,600,.725,355,1115,462,224,101,353,577
77,East Tennessee State,34,23,11,.676,-0.79,-7.48,,13,5,,13,4,,8,6,,2638,2356,,1370,802,1888,.425,291,902,.323,461,645,.715,329,1092,439,199,90,435,519
78,East Texas A&M,32,11,21,.344,-11.20,-2.24,,6,16,,6,8,,4,13,,2246,2385,,1280,839,1874,.448,255,702,.363,452,649,.696,357,1183,465,230,104,396,478
79,Eastern Illinois,33,13,20,.394,-13.84,-6.21,,8,12,,9,6,,3,13,,2214,2321,,1335,806,1865,.432,248,790,.314,461,621,.742,377,1169,465,208,146,441,529
80,Eastern Kentucky,32,11,21,.344,-10.43,-4.83,,7,11,,8,7,,3,13,,2568,2619,,1300,908,1886,.481,282,781,.361,521,721,.723,335,1137,490,228,85,368,539
,,Overall,Overall,Overall,Overall,Overall,Overall,,Conf.,Conf.,,Home,Home,,Away,Away,,Points,Points,,Opponent,Opponent,Opponent,Opponent,Opponent,Opponent,Opponent,Opponent,Opponent,Opponent,Opponent,Opponent,Opponent,Opponent,Opponent,Opponent,Opponent
81,Eastern Michigan,31,10,21,.323,-6.02,-1.82,,4,14,,7,7,,3,14,,2191,2279,,1250,804,1823,.441,209,643,.325,462,644,.717,320,1100,409,203,118,341,496
82,Eastern Washington,33,14,19,.424,-2.36,-0.86,,11,7,,8,4,,5,13,,2576,2606,,1330,912,1903,.479,260,737,.353,522,688,.759,321,1053,448,246,97,372,623
83,Elon,32,14,18,.438,-5.74,-3.27,,6,12,,8,8,,6,9,,2500,2492,,1300,869,1911,.455,304,846,.359,450,639,.704,367,1133,485,203,117,370,556
84,Evansville,32,7,25,.219,-9.23,3.27,,3,17,,5,10,,1,12,,2143,2447,,1290,858,1873,.458,297,803,.370,434,582,.746,315,1147,494,244,71,342,524
85,Fairfield,34,21,13,.618,-8.11,-9.11,,11,9,,12,4,,7,8,,2528,2432,,1365,879,1972,.446,240,705,.340,434,588,.738,334,1173,459,195,145,397,542
86,FDU,32,11,21,.344,-15.19,-7.64,,8,10,,8,6,,3,15,,2150,2245,,1285,781,1695,.461,250,686,.364,433,612,.708,262,1024,393,200,92,350,544
87,Florida NCAA,35,27,8,.771,27.74,12.14,,16,2,,14,1,,8,2,,3050,2504,,1400,870,2139,.407,234,729,.321,530,728,.728,338,1066,388,226,99,385,689
88,Florida A&M,31,15,16,.484,-14.33,-9.27,,11,7,,8,4,,5,11,,2183,2312,,1245,785,1752,.448,212,608,.349,530,704,.753,321,1062,389,271,101,424,563
89,Florida Atlantic,33,18,15,.545,3.68,1.84,,9,9,,11,4,,4,8,,2596,2453,,1335,849,1977,.429,240,714,.336,515,712,.723,341,1143,392,247,92,375,562
90,Florida Gulf Coast,34,16,18,.471,-6.63,-5.26,,8,10,,11,6,,3,11,,2631,2598,,1375,873,1954,.447,312,889,.351,540,740,.730,320,1159,462,216,108,401,559
91,Florida International,32,15,17,.469,-2.00,-0.66,,8,12,,12,6,,3,10,,2580,2492,,1295,849,1955,.434,310,869,.357,484,685,.707,403,1171,526,256,108,484,600
92,Florida State,33,18,15,.545,11.10,8.67,,10,8,,11,6,,6,5,,2652,2572,,1320,896,2015,.445,313,904,.346,467,659,.709,406,1261,499,222,130,450,590
93,Fordham,32,17,15,.531,0.09,-1.12,,8,10,,11,7,,4,6,,2235,2095,,1285,744,1766,.421,251,757,.332,356,521,.683,278,1023,454,190,96,377,502
94,Fresno State,32,13,19,.406,3.38,4.54,,7,13,,10,8,,2,10,,2331,2330,,1280,840,1902,.442,255,845,.302,395,545,.725,346,1125,428,236,103,406,581
95,Furman NCAA,35,22,13,.629,-2.91,-5.38,,10,8,,11,5,,7,5,,2671,2479,,1415,891,2086,.427,282,880,.320,415,591,.702,349,1137,427,265,104,337,596
96,Gardner-Webb,33,4,29,.121,-22.51,-2.01,,1,15,,3,10,,0,16,,2248,2820,,1320,1002,2031,.493,300,834,.360,516,711,.726,397,1298,556,266,114,371,513
97,George Mason,33,23,10,.697,5.97,1.07,,11,7,,17,3,,4,6,,2418,2237,,1320,801,1876,.427,257,788,.326,378,533,.709,325,1023,421,213,113,335,629
98,George Washington,35,19,16,.543,8.27,2.57,,8,10,,12,4,,4,8,,2848,2597,,1405,900,2022,.445,289,862,.335,508,695,.731,340,1130,545,282,116,445,589
99,Georgetown,34,16,18,.471,9.07,8.36,,6,14,,10,7,,4,8,,2503,2479,,1375,858,1991,.431,273,821,.333,490,675,.726,381,1175,471,211,116,373,595
100,Georgia NCAA,33,22,11,.667,18.46,8.89,,10,8,,14,4,,6,4,,2951,2635,,1340,949,2143,.443,271,806,.336,466,648,.719,442,1247,456,231,119,453,623
,,Overall,Overall,Overall,Overall,Overall,Overall,,Conf.,Conf.,,Home,Home,,Away,Away,,Points,Points,,Opponent,Opponent,Opponent,Opponent,Opponent,Opponent,Opponent,Opponent,Opponent,Opponent,Opponent,Opponent,Opponent,Opponent,Opponent,Opponent,Opponent
101,Georgia Southern,37,21,16,.568,-6.71,-6.25,,8,10,,9,5,,7,8,,2994,2949,,1495,996,2204,.452,300,875,.343,657,889,.739,455,1435,469,236,102,504,676
102,Georgia State,32,10,22,.313,-11.81,-4.81,,7,11,,7,7,,3,12,,2253,2391,,1285,835,1911,.437,250,742,.337,471,674,.699,376,1239,434,192,91,371,589
103,Georgia Tech,31,11,20,.355,2.57,6.22,,2,16,,10,9,,1,9,,2287,2400,,1245,822,1931,.426,284,857,.331,472,661,.714,362,1134,463,251,134,347,528
104,Gonzaga NCAA,35,31,4,.886,23.94,5.82,,16,2,,15,0,,8,2,,2950,2316,,1405,803,2021,.397,264,864,.306,446,624,.715,338,1125,424,188,92,493,604
105,Grambling,33,14,19,.424,-12.50,-10.27,,7,11,,7,5,,4,13,,2321,2314,,1320,796,1826,.436,208,647,.321,514,720,.714,351,1117,414,278,140,489,591
106,Grand Canyon,32,20,12,.625,10.96,3.99,,13,7,,13,4,,6,5,,2420,2197,,1285,736,1780,.413,217,680,.319,508,694,.732,281,1004,369,206,88,384,645
107,Green Bay,33,18,15,.545,-5.25,-3.28,,12,8,,10,4,,6,9,,2469,2470,,1331,836,1858,.450,293,811,.361,505,680,.743,315,1039,486,202,97,296,587
108,Hampton,32,13,19,.406,-8.94,-4.84,,7,11,,10,2,,2,12,,2237,2264,,1290,781,1730,.451,183,579,.316,519,764,.679,318,1107,391,197,136,372,599
109,Harvard,29,17,12,.586,-1.89,-4.35,,10,4,,8,4,,9,6,,2032,1934,,1175,707,1623,.436,201,635,.317,319,437,.730,268,924,364,189,71,322,414
110,Hawaii NCAA,33,24,9,.727,4.45,-3.10,,14,6,,16,3,,6,5,,2626,2328,,1330,827,1990,.416,194,647,.300,480,689,.697,318,1092,325,254,97,401,677
111,High Point NCAA,36,31,5,.861,7.27,-6.34,,15,1,,17,1,,7,2,,3230,2565,,1450,892,2070,.431,270,833,.324,511,722,.708,381,1238,464,173,128,575,706
112,Hofstra NCAA,35,24,11,.686,4.16,-1.96,,12,6,,10,2,,9,8,,2641,2336,,1410,793,2034,.390,261,825,.316,489,687,.712,398,1195,434,177,121,353,583
113,Holy Cross,33,11,22,.333,-13.97,-7.10,,5,13,,6,8,,4,14,,2251,2418,,1320,900,1896,.475,242,732,.331,376,509,.739,286,1129,450,209,100,323,512
114,Houston NCAA,37,30,7,.811,26.24,11.70,,14,4,,15,1,,6,3,,2844,2306,,1485,766,1934,.396,254,803,.316,520,748,.695,390,1243,410,167,87,495,585
115,Houston Christian,32,12,20,.375,-10.00,-3.86,,8,14,,9,5,,3,13,,2147,2309,,1285,847,1792,.473,234,671,.349,381,536,.711,328,1073,448,225,103,379,510
116,Howard NCAA,35,24,11,.686,-4.26,-10.42,,11,3,,11,4,,7,6,,2722,2420,,1404,828,1933,.428,208,674,.309,556,786,.707,364,1112,385,207,140,517,691
117,Idaho NCAA,36,21,15,.583,-0.58,-2.21,,9,9,,9,4,,7,9,,2800,2618,,1445,894,2065,.433,262,755,.347,568,770,.738,296,1205,412,229,97,386,668
118,Idaho State,33,13,20,.394,-5.91,-1.98,,5,13,,8,6,,3,12,,2459,2513,,1326,880,1856,.474,245,694,.353,508,668,.760,272,970,427,218,97,330,633
119,Illinois NCAA,37,28,9,.757,26.69,12.23,,15,5,,14,3,,8,2,,3079,2544,,1500,945,2330,.406,316,1011,.313,338,458,.738,373,1140,491,201,94,286,697
120,Illinois State,36,23,13,.639,6.51,1.46,,12,8,,14,2,,7,7,,2688,2466,,1445,892,2049,.435,236,726,.325,446,650,.686,321,1171,462,221,102,388,616
,,Overall,Overall,Overall,Overall,Overall,Overall,,Conf.,Conf.,,Home,Home,,Away,Away,,Points,Points,,Opponent,Opponent,Opponent,Opponent,Opponent,Opponent,Opponent,Opponent,Opponent,Opponent,Opponent,Opponent,Opponent,Opponent,Opponent,Opponent,Opponent
121,Illinois-Chicago,35,19,16,.543,3.14,0.44,,12,8,,9,5,,7,9,,2640,2470,,1420,843,1971,.428,304,907,.335,480,645,.744,370,1134,557,229,138,480,635
122,Incarnate Word,31,12,19,.387,-7.31,-2.74,,7,15,,9,6,,2,12,,2302,2285,,1240,797,1698,.469,206,601,.343,485,677,.716,303,1009,407,185,101,330,513
123,Indiana,32,18,14,.563,16.40,10.40,,9,11,,14,4,,3,8,,2501,2309,,1295,786,1833,.429,223,674,.331,514,678,.758,320,1036,385,177,90,325,551
124,Indiana State,32,11,21,.344,-3.11,0.29,,4,16,,8,7,,3,12,,2354,2383,,1305,889,1990,.447,218,690,.316,387,561,.690,358,1149,387,258,130,343,489
125,Iona,32,18,14,.563,-7.35,-8.07,,10,10,,11,3,,6,8,,2363,2340,,1305,840,1968,.427,245,801,.306,415,566,.733,373,1197,475,238,114,371,512
126,Iowa NCAA,37,24,13,.649,19.20,10.93,,10,10,,14,3,,3,8,,2758,2452,,1485,843,1836,.459,245,735,.333,521,707,.737,312,1068,439,188,99,473,643
127,Iowa State NCAA,37,29,8,.784,26.62,10.27,,12,6,,16,1,,5,5,,3033,2428,,1480,873,2031,.430,277,865,.320,405,570,.711,348,1156,480,244,139,572,632
128,IU Indy,32,7,25,.219,-12.64,-4.34,,3,17,,5,9,,2,15,,2673,2825,,1285,960,1887,.509,257,666,.386,648,876,.740,359,1223,506,244,98,497,468
129,Jackson State,33,12,21,.364,-19.78,-6.27,,10,8,,7,3,,4,15,,2318,2764,,1330,928,2014,.461,278,800,.348,630,843,.747,443,1330,565,262,136,389,599
130,Jacksonville,32,12,20,.375,-11.03,-5.36,,7,11,,8,4,,3,14,,2339,2349,,1290,812,1732,.469,210,612,.343,515,733,.703,284,986,406,213,82,331,522
131,Jacksonville State,32,15,17,.469,-3.61,-2.95,,10,10,,10,7,,5,8,,2325,2188,,1290,726,1776,.409,239,759,.315,497,674,.737,309,1070,365,203,101,361,599
132,James Madison,33,18,15,.545,-5.22,-5.50,,9,9,,11,4,,5,10,,2460,2437,,1330,822,1929,.426,239,735,.325,554,765,.724,356,1140,371,210,117,287,550
133,Kansas NCAA,35,24,11,.686,20.42,14.36,,12,6,,14,2,,5,6,,2629,2417,,1410,858,2221,.386,284,929,.306,417,608,.686,432,1286,406,230,109,333,558
134,Kansas City,31,4,27,.129,-20.08,-2.33,,1,15,,3,11,,1,15,,2149,2600,,1245,951,1968,.483,276,759,.364,422,597,.707,380,1241,497,247,113,370,543
135,Kansas State,32,12,20,.375,8.23,10.51,,3,15,,10,8,,1,10,,2546,2619,,1280,924,2010,.460,261,775,.337,510,707,.721,388,1195,522,237,132,403,498
136,Kennesaw State NCAA,35,21,14,.600,0.43,-1.35,,10,10,,13,3,,4,8,,2898,2659,,1410,849,2086,.407,258,786,.328,703,941,.747,400,1248,415,271,147,424,703
137,Kent State,34,24,10,.706,-0.84,-2.47,,14,4,,14,3,,7,6,,2866,2707,,1385,910,2086,.436,312,908,.344,575,799,.720,361,1171,498,238,107,408,704
138,Kentucky NCAA,36,22,14,.611,19.13,12.96,,10,8,,14,4,,4,6,,2898,2676,,1445,915,2150,.426,273,858,.318,573,782,.733,396,1240,507,245,111,390,651
139,La Salle,32,9,23,.281,-4.21,3.89,,5,13,,7,6,,1,13,,2148,2370,,1280,852,1833,.465,281,775,.363,385,559,.689,339,1108,520,212,150,366,548
140,Lafayette,32,11,21,.344,-13.09,-6.83,,8,10,,6,10,,5,11,,2222,2381,,1285,857,1857,.461,255,716,.356,412,559,.737,303,1145,506,174,114,342,555
,,Overall,Overall,Overall,Overall,Overall,Overall,,Conf.,Conf.,,Home,Home,,Away,Away,,Points,Points,,Opponent,Opponent,Opponent,Opponent,Opponent,Opponent,Opponent,Opponent,Opponent,Opponent,Opponent,Opponent,Opponent,Opponent,Opponent,Opponent,Opponent
141,Lamar,31,12,19,.387,-5.96,-3.90,,7,15,,7,8,,5,10,,2167,2143,,1245,721,1661,.434,215,616,.349,486,708,.686,303,1028,414,234,101,369,478
142,Le Moyne,32,15,17,.469,-11.08,-9.50,,10,8,,9,4,,5,12,,2336,2341,,1280,807,1925,.419,272,759,.358,455,619,.735,347,1126,443,242,97,345,563
143,Lehigh NCAA,35,18,17,.514,-10.05,-7.48,,11,7,,13,4,,4,11,,2545,2582,,1445,935,2095,.446,217,666,.326,495,656,.755,378,1252,412,291,100,394,594
144,Liberty,34,26,8,.765,2.54,-1.11,,17,3,,14,2,,11,3,,2641,2397,,1370,880,1955,.450,267,718,.372,370,508,.728,351,1145,409,178,99,377,532
145,Lindenwood,33,18,15,.545,-9.44,-8.77,,11,9,,9,5,,7,9,,2566,2398,,1320,856,2020,.424,203,665,.305,483,717,.674,395,1216,408,274,126,468,586
146,Lipscomb,32,19,13,.594,-4.52,-5.12,,12,6,,13,1,,6,11,,2549,2423,,1285,885,1950,.454,264,780,.338,389,546,.712,341,1154,405,209,99,413,491
147,Little Rock,32,12,20,.375,-13.30,-8.03,,9,11,,7,6,,5,13,,2257,2372,,1280,843,1888,.447,262,757,.346,424,609,.696,404,1169,444,241,75,417,475
148,Long Beach State,32,10,22,.313,-5.83,-0.07,,6,14,,7,9,,3,13,,2396,2489,,1295,854,1816,.470,218,632,.345,563,750,.751,278,1093,447,213,86,418,540
149,Long Island University NCAA,35,24,11,.686,-5.16,-7.08,,15,3,,14,1,,10,9,,2577,2510,,1405,906,2024,.448,214,665,.322,484,703,.688,405,1181,446,248,122,450,607
150,Longwood,32,16,16,.500,-8.35,-8.01,,8,8,,11,4,,4,10,,2486,2370,,1315,813,1802,.451,252,775,.325,492,710,.693,303,1017,405,251,111,472,608
151,Louisiana,33,11,22,.333,-12.28,-5.28,,7,11,,7,8,,3,13,,2101,2332,,1320,777,1683,.462,217,610,.356,561,771,.728,323,1142,386,165,87,387,499
152,Louisiana State,32,15,17,.469,12.27,9.33,,3,15,,9,8,,3,7,,2606,2512,,1315,866,1960,.442,263,743,.354,517,741,.698,381,1107,401,215,104,314,607
153,Louisiana Tech,34,20,14,.588,-3.06,-3.13,,11,9,,14,3,,4,10,,2375,2210,,1375,735,1871,.393,286,876,.326,454,652,.696,368,1124,409,226,127,415,546
154,Louisiana-Monroe,32,4,28,.125,-18.77,-5.11,,1,17,,3,11,,1,15,,2318,2685,,1290,996,2057,.484,302,846,.357,391,555,.705,394,1276,563,239,128,363,602
155,Louisville NCAA,35,24,11,.686,22.44,10.70,,11,7,,15,2,,4,7,,2949,2538,,1400,888,2096,.424,267,827,.323,495,691,.716,358,1169,438,235,126,415,617
156,Loyola (IL),33,9,24,.273,-6.26,2.71,,4,14,,6,10,,1,9,,2204,2500,,1325,845,1926,.439,314,853,.368,496,648,.765,332,1108,518,237,130,282,554
157,Loyola (MD),32,12,20,.375,-13.63,-8.80,,8,10,,8,6,,3,13,,2407,2466,,1300,891,1891,.471,238,736,.323,446,614,.726,305,1129,494,196,83,342,517
158,Loyola Marymount,32,15,17,.469,0.76,1.18,,6,12,,10,8,,4,7,,2376,2306,,1295,804,1906,.422,238,703,.339,460,614,.749,360,1142,410,196,79,375,555
159,Maine,32,8,24,.250,-17.11,-9.78,,6,10,,4,8,,4,14,,2001,2190,,1280,795,1766,.450,193,651,.296,407,592,.688,358,1178,417,200,87,415,548
160,Manhattan,32,12,20,.375,-15.19,-8.00,,8,12,,7,7,,3,12,,2369,2526,,1295,936,2010,.466,280,768,.365,374,513,.729,411,1224,572,181,124,370,544
,,Overall,Overall,Overall,Overall,Overall,Overall,,Conf.,Conf.,,Home,Home,,Away,Away,,Points,Points,,Opponent,Opponent,Opponent,Opponent,Opponent,Opponent,Opponent,Opponent,Opponent,Opponent,Opponent,Opponent,Opponent,Opponent,Opponent,Opponent,Opponent
161,Marist,31,19,12,.613,-3.72,-8.69,,12,8,,11,4,,7,7,,2160,1979,,1245,684,1698,.403,177,626,.283,434,624,.696,312,1058,315,202,97,398,450
162,Marquette,32,12,20,.375,9.05,9.67,,7,13,,10,7,,2,10,,2405,2425,,1295,852,1932,.441,250,764,.327,471,619,.761,393,1233,513,221,113,438,544
163,Marshall,32,19,13,.594,-3.07,-4.65,,11,7,,13,4,,6,8,,2596,2497,,1280,835,1930,.433,258,771,.335,569,785,.725,407,1163,384,227,86,374,541
164,Maryland,33,12,21,.364,4.56,11.44,,4,16,,7,8,,2,10,,2300,2527,,1325,873,1874,.466,293,807,.363,488,670,.728,314,1101,534,210,116,330,574
165,Maryland-Baltimore County NCAA,33,24,9,.727,-4.68,-11.81,,14,2,,15,2,,9,6,,2522,2230,,1330,835,1964,.425,227,722,.314,333,492,.677,306,1096,347,176,75,337,511
166,Maryland-Eastern Shore,32,9,23,.281,-17.68,-8.54,,5,9,,6,4,,2,18,,2060,2265,,1305,754,1726,.437,226,684,.330,531,718,.740,345,1029,416,288,95,384,531
167,Massachusetts,33,17,16,.515,-2.40,-3.50,,7,11,,11,5,,2,8,,2648,2562,,1350,851,1881,.452,261,806,.324,599,823,.728,283,1057,498,247,99,406,625
168,Massachusetts-Lowell,33,15,18,.455,-14.32,-8.62,,9,7,,10,4,,5,14,,2471,2518,,1320,940,2030,.463,248,735,.337,390,544,.717,327,1088,446,262,133,329,556
169,McNeese NCAA,34,28,6,.824,7.65,-1.54,,19,3,,14,0,,9,5,,2709,2271,,1375,734,1792,.410,278,855,.325,525,721,.728,394,1151,414,152,84,572,596
170,Memphis,32,13,19,.406,3.82,5.29,,8,10,,10,6,,3,10,,2407,2454,,1290,804,1908,.421,252,825,.305,592,809,.732,421,1190,440,260,135,427,582
171,Mercer,32,19,13,.594,-3.04,-5.39,,11,7,,14,1,,5,11,,2646,2416,,1280,857,1987,.431,281,827,.340,421,562,.749,391,1164,397,197,100,406,604
172,Mercyhurst,34,17,17,.500,-10.04,-9.63,,10,8,,12,3,,5,14,,2358,2291,,1381,790,1794,.440,197,611,.322,514,745,.690,328,1173,408,173,84,431,517
173,Merrimack,34,23,11,.676,-4.35,-6.41,,17,3,,11,0,,9,8,,2330,2260,,1375,782,1873,.418,185,611,.303,511,695,.735,464,1299,445,158,127,446,565
174,Miami (FL) NCAA,35,26,9,.743,17.69,7.44,,13,5,,15,3,,8,2,,2853,2494,,1400,889,2001,.444,293,818,.358,421,591,.712,306,1039,491,234,146,441,625
175,Miami (OH) NCAA,34,32,2,.941,5.62,-4.16,,18,0,,16,0,,14,0,,3047,2566,,1380,931,2118,.440,257,789,.326,447,605,.739,359,1150,441,208,79,434,655
176,Michigan NCAA,40,37,3,.925,32.92,15.10,,19,1,,14,1,,11,0,,3493,2780,,1606,978,2563,.382,330,1085,.304,494,667,.741,459,1274,457,254,120,434,778
177,Michigan State NCAA,35,27,8,.771,23.31,12.86,,15,5,,15,2,,6,4,,2758,2392,,1410,821,1990,.413,303,919,.330,447,601,.744,275,990,470,228,106,351,655
178,Middle Tennessee,32,17,15,.531,0.06,1.20,,11,9,,11,4,,5,8,,2414,2329,,1310,820,1859,.441,214,651,.329,475,643,.739,315,1092,385,205,82,354,503
179,Milwaukee,32,12,20,.375,-7.74,-2.48,,8,12,,8,6,,3,14,,2440,2548,,1280,890,1854,.480,274,752,.364,494,674,.733,300,1096,500,183,115,358,554
180,Minnesota,33,15,18,.455,9.72,8.84,,8,12,,13,4,,2,9,,2289,2260,,1335,819,1832,.447,263,759,.347,359,492,.730,312,1073,495,184,110,354,556
,,Overall,Overall,Overall,Overall,Overall,Overall,,Conf.,Conf.,,Home,Home,,Away,Away,,Points,Points,,Opponent,Opponent,Opponent,Opponent,Opponent,Opponent,Opponent,Opponent,Opponent,Opponent,Opponent,Opponent,Opponent,Opponent,Opponent,Opponent,Opponent
181,Mississippi,35,15,20,.429,10.81,11.04,,4,14,,7,9,,3,7,,2656,2664,,1425,885,2040,.434,291,870,.334,603,841,.717,411,1300,508,208,108,400,608
182,Mississippi State,32,13,19,.406,6.94,11.13,,5,13,,8,8,,4,6,,2484,2618,,1295,918,2075,.442,278,819,.339,504,670,.752,381,1235,478,220,133,296,534
183,Mississippi Valley State,33,3,30,.091,-28.67,-8.20,,2,16,,2,9,,1,18,,2120,2739,,1331,876,1853,.473,289,784,.369,698,928,.752,379,1215,520,286,113,404,571
184,Missouri NCAA,33,20,13,.606,12.46,8.70,,10,8,,15,3,,5,7,,2615,2491,,1330,840,1928,.436,305,829,.368,506,684,.740,367,1071,441,217,116,374,610
185,Missouri State,34,16,18,.471,-2.81,-1.55,,8,12,,11,7,,3,10,,2551,2502,,1380,874,1926,.454,229,677,.338,525,740,.709,356,1146,432,223,149,389,632
186,Monmouth,34,19,15,.559,-2.41,-3.44,,11,7,,10,4,,6,9,,2471,2409,,1375,850,1959,.434,257,754,.341,452,623,.726,384,1204,430,213,113,464,576
187,Montana,34,18,16,.529,-2.76,-0.89,,10,8,,11,6,,5,9,,2627,2535,,1360,904,2101,.430,256,808,.317,471,665,.708,355,1151,435,263,92,352,580
188,Montana State,32,18,14,.563,0.69,-1.44,,12,6,,11,2,,6,11,,2493,2285,,1290,840,1867,.450,211,634,.333,394,517,.762,285,1045,362,171,75,359,522
189,Morehead State,33,20,13,.606,-11.52,-7.95,,15,5,,11,2,,7,10,,2484,2466,,1330,862,1979,.436,267,771,.346,475,668,.711,408,1117,478,227,114,362,608
190,Morgan State,30,14,16,.467,-19.41,-11.08,,10,4,,9,6,,5,9,,2258,2347,,1207,791,1721,.460,173,550,.315,592,861,.688,352,1103,442,197,108,363,581
191,Mount St. Mary's,32,15,17,.469,-10.40,-7.27,,11,9,,8,5,,7,11,,2178,2244,,1285,732,1847,.396,271,832,.326,509,675,.754,347,1068,393,275,84,351,498
192,Murray State,33,20,13,.606,3.25,0.37,,12,8,,12,3,,5,7,,2742,2647,,1320,982,2070,.474,205,567,.362,478,666,.718,371,1159,433,227,90,376,652
193,Navy,34,26,8,.765,-1.10,-9.54,,17,1,,15,2,,10,5,,2537,2187,,1375,777,1908,.407,263,885,.297,370,492,.752,319,1046,410,208,94,421,647
194,NC State NCAA,34,20,14,.588,17.43,10.52,,10,8,,11,6,,6,4,,2828,2593,,1375,884,1976,.447,315,887,.355,510,730,.699,369,1216,436,177,110,434,576
195,Nebraska NCAA,35,28,7,.800,21.36,10.53,,15,5,,16,2,,7,3,,2694,2315,,1410,818,2021,.405,309,1014,.305,370,508,.728,343,1198,500,179,93,446,535
196,Nevada,37,24,13,.649,10.34,5.85,,12,8,,17,2,,4,9,,2813,2647,,1500,897,2039,.440,291,863,.337,562,793,.709,339,1212,491,219,135,426,746
197,Nevada-Las Vegas,35,18,17,.514,5.42,6.10,,11,9,,10,6,,7,7,,2761,2742,,1415,915,2013,.455,259,738,.351,653,900,.726,389,1233,517,230,102,446,678
198,New Hampshire,30,9,21,.300,-17.20,-7.48,,5,11,,8,5,,1,16,,2076,2238,,1230,788,1712,.460,211,625,.338,451,612,.737,263,1110,378,182,113,338,490
199,New Haven,31,14,17,.452,-13.86,-7.89,,9,9,,9,6,,5,11,,2013,2055,,1240,746,1676,.445,215,636,.338,348,461,.755,256,1026,358,178,71,353,474
200,New Mexico,37,26,11,.703,14.27,5.10,,13,7,,17,3,,7,5,,3004,2624,,1480,896,2138,.419,309,1023,.302,523,715,.731,363,1272,492,226,118,502,700
,,Overall,Overall,Overall,Overall,Overall,Overall,,Conf.,Conf.,,Home,Home,,Away,Away,,Points,Points,,Opponent,Opponent,Opponent,Opponent,Opponent,Opponent,Opponent,Opponent,Opponent,Opponent,Opponent,Opponent,Opponent,Opponent,Opponent,Opponent,Opponent
201,New Mexico State,32,16,16,.500,-1.38,-1.45,,8,12,,10,5,,3,8,,2403,2303,,1295,747,1820,.410,237,762,.311,572,793,.721,349,1144,357,193,107,355,546
202,New Orleans,33,15,18,.455,-4.21,-1.06,,12,10,,5,6,,9,11,,2459,2563,,1330,862,2028,.425,264,815,.324,575,802,.717,440,1161,520,257,118,344,683
203,Niagara,30,8,22,.267,-16.33,-7.92,,5,15,,6,7,,2,14,,1916,2137,,1205,744,1628,.457,229,658,.348,420,540,.778,306,1008,390,200,88,319,455
204,Nicholls State,33,14,19,.424,-7.07,-2.35,,12,10,,6,6,,7,12,,2388,2471,,1320,855,1808,.473,240,696,.345,521,668,.780,338,1180,480,207,106,477,553
205,NJIT,33,16,17,.485,-15.99,-8.49,,10,6,,8,6,,8,11,,2212,2417,,1322,833,1922,.433,254,780,.326,497,716,.694,378,1253,437,212,101,377,550
206,Norfolk State,32,15,17,.469,-13.73,-10.70,,8,6,,9,4,,5,10,,2445,2362,,1280,781,1768,.442,244,751,.325,556,770,.722,324,1050,452,225,123,436,596
207,North Alabama,30,9,21,.300,-15.97,-5.82,,4,14,,5,8,,4,12,,2082,2328,,1210,827,1748,.473,275,757,.363,399,522,.764,306,1025,461,218,106,297,530
208,North Carolina NCAA,33,24,9,.727,18.55,10.46,,12,6,,18,0,,4,6,,2631,2364,,1325,874,2085,.419,268,772,.347,348,497,.700,348,1134,418,189,103,310,601
209,North Carolina A&T,30,11,19,.367,-9.81,-5.20,,4,14,,6,6,,4,11,,2252,2335,,1205,814,1793,.454,248,681,.364,459,664,.691,308,992,467,203,89,299,603
210,North Carolina Central,32,14,18,.438,-18.33,-8.69,,8,6,,8,5,,4,12,,2299,2415,,1285,833,1813,.459,261,736,.355,488,684,.713,414,1178,478,200,135,476,567
211,North Dakota,35,18,17,.514,-9.33,-3.92,,10,6,,9,7,,7,8,,2680,2705,,1410,915,1912,.479,296,819,.361,579,825,.702,349,1264,540,181,108,502,639
212,North Dakota State NCAA,35,27,8,.771,1.98,-5.27,,14,2,,13,1,,10,5,,2812,2458,,1420,875,1980,.442,294,869,.338,414,555,.746,288,1111,482,225,109,478,557
213,North Florida,32,7,25,.219,-15.72,-3.29,,5,13,,5,8,,2,14,,2547,2821,,1285,1037,2122,.489,290,829,.350,457,649,.704,431,1251,535,251,114,321,515
214,North Texas,33,19,14,.576,1.98,1.04,,9,9,,12,5,,5,7,,2341,2225,,1350,735,1743,.422,206,673,.306,549,773,.710,364,1162,362,209,140,498,591
215,Northeastern,31,7,24,.226,-9.18,-3.12,,2,16,,2,10,,3,13,,2322,2510,,1245,874,1745,.501,220,614,.358,540,731,.739,295,1084,439,201,110,364,504
216,Northern Arizona,32,10,22,.313,-11.12,-1.60,,4,14,,9,7,,1,13,,2282,2445,,1280,877,1818,.482,275,720,.382,416,573,.726,332,1125,435,181,93,373,529
217,Northern Colorado,32,20,12,.625,-0.13,-2.89,,10,8,,11,3,,8,7,,2640,2449,,1300,856,1921,.446,203,673,.302,534,704,.759,271,1023,317,194,79,298,490
218,Northern Illinois,30,9,21,.300,-15.10,-2.57,,4,14,,6,7,,3,14,,2086,2334,,1200,822,1710,.481,233,661,.352,457,628,.728,279,1017,441,242,130,350,538
219,Northern Iowa NCAA,36,23,13,.639,7.84,1.78,,11,9,,12,5,,6,6,,2500,2223,,1450,793,1941,.409,234,814,.287,403,562,.717,322,1201,391,205,97,424,519
220,Northern Kentucky,34,20,14,.588,-2.63,-4.85,,10,10,,12,5,,7,8,,2827,2634,,1370,926,2020,.458,277,783,.354,505,709,.712,365,1184,480,220,84,468,652
,,Overall,Overall,Overall,Overall,Overall,Overall,,Conf.,Conf.,,Home,Home,,Away,Away,,Points,Points,,Opponent,Opponent,Opponent,Opponent,Opponent,Opponent,Opponent,Opponent,Opponent,Opponent,Opponent,Opponent,Opponent,Opponent,Opponent,Opponent,Opponent
221,Northwestern,34,15,19,.441,12.30,11.13,,5,15,,9,7,,3,8,,2487,2447,,1365,848,1916,.443,257,770,.334,494,667,.741,387,1177,541,163,82,391,554
222,Northwestern State,32,10,22,.313,-9.55,-2.72,,8,14,,8,6,,2,15,,2185,2317,,1285,818,1782,.459,239,673,.355,442,635,.696,339,1099,425,220,106,362,599
223,Notre Dame,31,13,18,.419,8.50,9.37,,4,14,,10,7,,2,9,,2308,2335,,1260,784,1785,.439,281,846,.332,486,646,.752,288,1043,434,192,89,293,560
224,Oakland,32,16,16,.500,-1.54,-0.32,,12,8,,7,6,,8,9,,2642,2614,,1280,978,2073,.472,293,862,.340,365,504,.724,395,1163,643,176,148,359,602
225,Ohio,32,15,17,.469,-4.96,-1.66,,9,9,,10,6,,4,8,,2492,2515,,1290,879,1905,.461,238,656,.363,519,713,.728,357,1156,427,192,86,378,616
226,Ohio State NCAA,34,21,13,.618,18.66,11.92,,12,8,,14,3,,5,6,,2697,2468,,1375,857,1956,.438,251,788,.319,503,679,.741,350,1067,457,185,102,357,636
227,Oklahoma,37,21,16,.568,14.73,9.27,,7,11,,11,5,,4,7,,3067,2865,,1500,986,2233,.442,307,901,.341,586,780,.751,441,1297,495,211,129,397,652
228,Oklahoma State,35,20,15,.571,10.66,10.01,,6,12,,15,6,,2,7,,2935,2912,,1415,1028,2267,.453,351,974,.360,505,713,.708,407,1300,580,239,146,408,647
229,Old Dominion,33,12,21,.364,-7.44,-4.44,,7,11,,7,6,,4,14,,2514,2570,,1330,869,1960,.443,228,711,.321,604,816,.740,357,1229,447,213,137,340,574
230,Omaha,33,16,17,.485,-7.67,-3.91,,8,8,,10,4,,5,10,,2507,2522,,1325,882,1980,.445,302,927,.326,456,624,.731,327,1127,472,206,108,327,562
231,Oral Roberts,33,10,23,.303,-10.50,-2.60,,4,12,,7,8,,1,13,,2420,2558,,1330,888,1957,.454,257,722,.356,525,754,.696,358,1170,408,253,102,360,575
232,Oregon,32,12,20,.375,8.62,11.72,,5,15,,10,7,,2,8,,2267,2366,,1285,817,1863,.439,262,785,.334,470,597,.787,354,1103,432,220,99,336,529
233,Oregon State,33,17,16,.515,0.40,3.43,,9,9,,12,5,,4,7,,2347,2447,,1340,840,1931,.435,264,802,.329,503,678,.742,372,1149,468,238,91,340,653
234,Pacific,33,18,15,.545,3.99,2.47,,8,10,,11,3,,4,11,,2399,2271,,1325,771,1825,.422,266,775,.343,463,659,.703,287,980,384,213,122,340,515
235,Penn State,32,12,20,.375,3.73,9.39,,3,17,,9,8,,2,9,,2358,2539,,1280,920,1840,.500,310,799,.388,389,506,.769,299,1059,556,186,109,382,540
236,Pennsylvania NCAA,30,18,12,.600,-1.04,-1.01,,9,5,,12,2,,4,8,,2277,2231,,1210,828,1828,.453,235,729,.322,340,505,.673,331,1095,442,180,111,366,559
237,Pepperdine,32,9,23,.281,-6.26,3.05,,4,14,,7,10,,2,11,,2312,2546,,1290,927,1975,.469,288,803,.359,404,559,.723,367,1149,515,244,119,369,586
238,Pittsburgh,33,13,20,.394,8.06,9.36,,5,13,,8,10,,3,8,,2327,2370,,1330,838,1816,.461,262,744,.352,432,562,.769,292,1055,434,203,100,348,524
239,Portland,34,15,19,.441,-2.52,3.51,,6,12,,12,6,,1,12,,2530,2669,,1370,914,2063,.443,346,958,.361,495,663,.747,379,1157,611,254,79,409,611
240,Portland State,31,20,11,.645,-0.34,-3.05,,13,5,,11,3,,8,7,,2376,2179,,1250,713,1709,.417,220,683,.322,533,720,.740,275,1015,376,197,83,397,552
,,Overall,Overall,Overall,Overall,Overall,Overall,,Conf.,Conf.,,Home,Home,,Away,Away,,Points,Points,,Opponent,Opponent,Opponent,Opponent,Opponent,Opponent,Opponent,Opponent,Opponent,Opponent,Opponent,Opponent,Opponent,Opponent,Opponent,Opponent,Opponent
241,Prairie View A&M NCAA,37,19,18,.514,-13.16,-9.10,,9,9,,10,3,,3,13,,2883,2831,,1485,968,2193,.441,255,760,.336,640,889,.720,447,1413,474,236,121,558,747
242,Presbyterian,33,15,18,.455,-8.47,-5.37,,7,9,,10,4,,3,13,,2388,2382,,1335,832,1876,.443,236,675,.350,482,697,.692,333,1040,404,230,104,357,579
243,Princeton,29,9,20,.310,-7.21,-2.24,,5,9,,8,4,,1,12,,1989,2087,,1170,739,1639,.451,213,683,.312,396,547,.724,271,974,370,192,89,272,473
244,Providence,33,15,18,.455,10.67,9.36,,7,13,,10,6,,3,8,,2815,2772,,1355,978,2194,.446,298,845,.353,518,718,.721,405,1186,535,254,105,321,615
245,Purdue NCAA,39,30,9,.769,25.08,13.98,,13,7,,12,5,,8,3,,3184,2751,,1565,1002,2233,.449,334,979,.341,413,570,.725,347,1115,573,205,89,391,652
246,Purdue Fort Wayne,32,17,15,.531,-7.46,-2.90,,11,9,,11,4,,6,11,,2499,2467,,1280,885,1898,.466,303,831,.365,394,519,.759,347,1177,488,160,87,442,515
247,Queens (NC) NCAA,35,21,14,.600,-3.75,-4.40,,13,5,,12,2,,6,10,,2957,2924,,1410,1011,2147,.471,304,843,.361,598,818,.731,413,1243,486,227,105,382,659
248,Quinnipiac,32,19,13,.594,-5.58,-7.13,,12,8,,10,5,,9,7,,2411,2303,,1290,821,1933,.425,235,690,.341,426,581,.733,354,1128,430,207,147,394,523
249,Radford,32,16,16,.500,-7.31,-6.38,,9,7,,12,5,,4,8,,2604,2523,,1300,871,1914,.455,256,725,.353,525,728,.721,355,1180,466,233,102,445,639
250,Rhode Island,32,16,16,.500,2.28,0.60,,7,11,,10,6,,4,7,,2236,2182,,1290,721,1668,.432,240,692,.347,500,710,.704,333,1086,390,253,101,449,595
251,Rice,31,13,18,.419,-4.54,0.22,,7,11,,8,8,,4,9,,2291,2311,,1260,792,1808,.438,218,658,.331,509,699,.728,372,1137,373,235,109,347,539
252,Richmond,32,15,17,.469,2.11,0.15,,5,13,,11,7,,3,8,,2455,2366,,1285,812,1836,.442,272,840,.324,470,657,.715,341,1159,389,169,80,395,571
253,Rider,29,4,25,.138,-19.19,-5.04,,3,17,,4,9,,0,16,,1840,2204,,1160,782,1676,.467,251,672,.374,389,545,.714,320,1065,423,189,99,296,454
254,Robert Morris,33,22,11,.667,-1.48,-4.90,,13,7,,14,3,,8,7,,2555,2379,,1345,802,1840,.436,222,672,.330,553,727,.761,317,1008,419,234,111,372,543
255,Rutgers,34,14,20,.412,4.40,9.20,,6,14,,10,7,,2,9,,2398,2561,,1376,907,1971,.460,275,773,.356,472,624,.756,368,1230,531,190,130,392,610
256,Sacramento State,31,10,21,.323,-8.18,-0.47,,6,12,,10,4,,0,16,,2408,2542,,1245,885,1928,.459,285,838,.340,487,671,.726,360,1235,516,208,99,383,594
257,Sacred Heart,33,14,19,.424,-11.38,-8.16,,9,11,,8,5,,5,13,,2482,2528,,1325,921,2021,.456,308,880,.350,378,542,.697,358,1165,553,229,86,340,507
258,Saint Francis (PA),31,7,24,.226,-19.09,-6.06,,5,13,,5,8,,2,14,,2216,2510,,1245,886,1801,.492,268,729,.368,470,659,.713,321,1127,493,204,117,397,518
259,Saint Joseph's,36,24,12,.667,2.97,1.71,,13,5,,13,3,,8,8,,2633,2529,,1445,917,2249,.408,287,910,.315,406,589,.689,423,1298,475,247,127,368,541
260,Saint Louis NCAA,35,29,6,.829,17.64,2.76,,15,3,,19,0,,7,3,,3053,2466,,1400,815,2130,.383,265,891,.297,571,785,.727,379,1148,418,254,125,406,572
,,Overall,Overall,Overall,Overall,Overall,Overall,,Conf.,Conf.,,Home,Home,,Away,Away,,Points,Points,,Opponent,Opponent,Opponent,Opponent,Opponent,Opponent,Opponent,Opponent,Opponent,Opponent,Opponent,Opponent,Opponent,Opponent,Opponent,Opponent,Opponent
261,Saint Mary's NCAA,33,27,6,.818,17.07,5.54,,16,2,,17,0,,8,2,,2552,2129,,1320,778,1914,.406,218,703,.310,355,493,.720,286,962,413,183,108,340,598
262,Saint Peter's,29,17,12,.586,-7.49,-7.63,,14,6,,13,1,,4,10,,2054,1984,,1170,643,1527,.421,175,541,.323,523,703,.744,330,1004,345,177,102,398,510
263,Sam Houston,34,22,12,.647,2.96,-0.14,,13,7,,13,1,,6,10,,2797,2554,,1360,885,2070,.428,276,876,.315,508,723,.703,378,1159,446,224,109,388,584
264,Samford,32,18,14,.563,-5.42,-6.25,,11,7,,11,3,,6,9,,2525,2409,,1295,855,1933,.442,249,694,.359,450,607,.741,293,1138,394,169,98,295,625
265,San Diego,33,12,21,.364,-3.83,2.21,,5,13,,9,8,,2,11,,2458,2570,,1335,903,1905,.474,244,762,.320,520,708,.734,362,1179,516,235,109,440,528
266,San Diego State,33,22,11,.667,13.58,8.08,,14,6,,14,2,,5,5,,2580,2342,,1345,756,1890,.400,300,896,.335,528,725,.728,369,1123,439,223,78,472,589
267,San Francisco,33,17,16,.515,4.00,3.84,,8,10,,9,6,,4,7,,2464,2414,,1330,873,1968,.444,238,701,.340,430,579,.743,329,1107,459,206,89,323,632
268,San Jose State,33,9,24,.273,-2.06,6.35,,3,17,,6,10,,1,12,,2376,2591,,1325,913,1849,.494,259,725,.357,506,648,.781,350,1144,524,179,95,378,547
269,Santa Clara NCAA,35,26,9,.743,15.48,6.09,,15,3,,14,1,,8,3,,2901,2552,,1405,884,1954,.452,247,753,.328,537,732,.734,370,1170,537,223,111,489,539
270,Seattle,35,21,14,.600,4.59,2.71,,8,10,,14,4,,5,8,,2525,2354,,1406,822,1968,.418,240,745,.322,470,637,.738,366,1267,442,231,111,518,613
271,Seton Hall,33,21,12,.636,13.28,8.28,,10,10,,12,5,,6,5,,2321,2156,,1320,700,1732,.404,237,731,.324,519,729,.712,360,1104,408,207,123,471,578
272,Siena NCAA,35,23,12,.657,-3.64,-8.18,,13,7,,9,4,,9,7,,2463,2304,,1405,829,1968,.421,251,776,.323,395,541,.730,353,1118,400,229,126,383,573
273,South Alabama,33,21,12,.636,-4.29,-6.22,,11,7,,10,4,,8,7,,2454,2312,,1345,769,1984,.388,421,1288,.327,353,482,.732,384,1219,543,182,132,408,554
274,South Carolina,32,13,19,.406,7.28,8.81,,4,14,,11,8,,2,8,,2398,2447,,1295,881,1921,.459,219,688,.318,466,653,.714,353,1147,504,205,114,322,555
275,South Carolina State,32,10,22,.313,-21.97,-8.81,,7,7,,6,5,,3,16,,2147,2522,,1280,824,1765,.467,226,667,.339,648,885,.732,364,1119,475,242,108,431,624
276,South Carolina Upstate,32,13,19,.406,-10.39,-5.70,,5,11,,10,5,,3,13,,2376,2357,,1300,828,1913,.433,238,698,.341,463,665,.696,359,1188,367,234,131,389,555
277,South Dakota,32,16,16,.500,-9.01,-5.29,,8,8,,12,5,,3,10,,2547,2566,,1300,963,1967,.490,202,601,.336,438,597,.734,313,1103,412,225,108,373,654
278,South Dakota State,32,14,18,.438,-3.50,-3.36,,7,9,,9,4,,4,9,,2413,2331,,1285,796,1843,.432,295,870,.339,444,603,.736,272,1038,427,208,86,327,544
279,South Florida NCAA,34,25,9,.735,13.42,3.17,,15,3,,13,2,,9,3,,2974,2575,,1385,867,2085,.416,285,828,.344,556,798,.697,423,1285,447,214,161,493,668
280,Southeast Missouri State,33,20,13,.606,-7.19,-8.15,,14,6,,10,5,,8,7,,2460,2331,,1325,771,1813,.425,192,597,.322,597,814,.733,305,1083,330,233,113,437,592
,,Overall,Overall,Overall,Overall,Overall,Overall,,Conf.,Conf.,,Home,Home,,Away,Away,,Points,Points,,Opponent,Opponent,Opponent,Opponent,Opponent,Opponent,Opponent,Opponent,Opponent,Opponent,Opponent,Opponent,Opponent,Opponent,Opponent,Opponent,Opponent
281,Southeastern Louisiana,31,9,22,.290,-9.56,-3.10,,6,16,,5,7,,2,15,,2016,2184,,1245,741,1643,.451,220,625,.352,482,657,.734,304,1072,397,211,95,397,561
282,Southern,34,17,17,.500,-11.25,-7.22,,11,7,,8,4,,7,12,,2707,2650,,1375,888,1965,.452,262,744,.352,612,809,.756,353,1199,475,220,135,498,643
283,Southern California,32,18,14,.563,10.31,10.89,,7,13,,9,7,,5,6,,2515,2494,,1305,865,1992,.434,255,808,.316,509,658,.774,369,1099,473,238,105,382,662
284,Southern Illinois,32,16,16,.500,2.74,0.52,,10,10,,8,6,,7,8,,2336,2226,,1295,793,1876,.423,235,779,.302,405,590,.686,318,1122,412,220,114,424,547
285,SIU Edwardsville,32,19,13,.594,-8.80,-10.59,,12,8,,10,5,,8,7,,2271,2070,,1290,718,1817,.395,208,698,.298,426,605,.704,359,1119,326,224,98,392,492
286,Southern Indiana,30,7,23,.233,-16.58,-9.33,,4,16,,3,10,,4,11,,2061,2210,,1210,790,1791,.441,167,491,.340,463,634,.730,364,1197,317,200,146,342,527
287,Southern Methodist NCAA,34,20,14,.588,16.08,9.96,,8,10,,15,3,,3,8,,2858,2650,,1370,913,2100,.435,341,1001,.341,483,674,.717,399,1161,556,226,103,407,586
288,Southern Mississippi,35,19,16,.543,-5.66,-4.79,,9,9,,10,3,,4,11,,2615,2585,,1410,861,1980,.435,264,779,.339,599,844,.710,354,1171,406,246,146,435,678
289,Southern Utah,32,10,22,.313,-9.43,-0.46,,6,12,,7,6,,2,15,,2442,2544,,1285,945,2041,.463,215,594,.362,439,617,.712,373,1153,429,278,118,347,564
290,St. Bonaventure,34,17,17,.500,2.26,1.53,,4,14,,9,7,,4,7,,2596,2532,,1370,880,1934,.455,281,787,.357,491,650,.755,337,1090,493,215,113,402,537
291,St. John's (NY) NCAA,37,30,7,.811,22.65,11.38,,18,2,,15,2,,9,1,,2994,2577,,1485,928,2192,.423,227,725,.313,494,696,.710,403,1282,432,224,148,500,736
292,St. Thomas,34,24,10,.706,2.44,-5.37,,12,4,,14,1,,8,7,,2780,2433,,1360,867,2016,.430,259,837,.309,440,588,.748,314,1146,469,178,90,403,597
293,Stanford,33,20,13,.606,11.92,8.89,,9,9,,12,6,,5,5,,2508,2408,,1325,826,1816,.455,200,607,.329,556,732,.760,318,1100,346,163,104,404,600
294,Stephen F. Austin,34,28,6,.824,3.92,-4.33,,20,2,,15,1,,12,4,,2604,2265,,1365,815,1932,.422,204,682,.299,431,594,.726,341,1141,378,182,121,404,513
295,Stetson,33,12,21,.364,-12.95,-4.95,,7,11,,9,5,,2,14,,2431,2631,,1325,953,2000,.477,282,819,.344,441,597,.739,349,1151,517,262,77,340,549
296,Stonehill,33,12,21,.364,-14.82,-9.49,,8,10,,8,5,,4,15,,2191,2263,,1340,823,1972,.417,217,655,.331,400,599,.668,323,1164,357,242,147,310,501
297,Stony Brook,32,17,15,.531,-5.74,-3.98,,9,9,,12,4,,4,9,,2295,2277,,1295,787,1843,.427,256,729,.351,447,631,.708,366,1201,421,217,120,384,500
298,Syracuse,32,15,17,.469,9.75,9.00,,6,12,,12,6,,2,7,,2400,2376,,1305,846,1916,.442,234,687,.341,450,624,.721,387,1183,448,220,93,385,579
299,Tarleton State,32,14,18,.438,-4.99,-1.70,,5,13,,10,6,,4,11,,2385,2349,,1295,767,1709,.449,235,689,.341,580,798,.727,347,1102,419,231,132,561,634
300,Temple,32,16,16,.500,0.96,-0.85,,8,10,,10,6,,5,6,,2366,2264,,1285,798,1795,.445,212,654,.324,456,643,.709,320,1074,394,171,130,328,586
,,Overall,Overall,Overall,Overall,Overall,Overall,,Conf.,Conf.,,Home,Home,,Away,Away,,Points,Points,,Opponent,Opponent,Opponent,Opponent,Opponent,Opponent,Opponent,Opponent,Opponent,Opponent,Opponent,Opponent,Opponent,Opponent,Opponent,Opponent,Opponent
301,Tennessee NCAA,37,25,12,.676,21.97,12.70,,11,7,,14,3,,5,5,,2917,2574,,1495,871,2127,.409,291,953,.305,541,773,.700,379,1107,407,262,145,407,690
302,Tennessee State NCAA,33,23,10,.697,-4.94,-7.81,,15,5,,10,2,,10,7,,2651,2455,,1325,847,1895,.447,232,698,.332,529,737,.718,335,1120,428,249,108,480,555
303,Tennessee Tech,31,13,18,.419,-13.61,-8.25,,8,12,,8,6,,5,12,,2272,2308,,1240,827,1882,.439,238,689,.345,416,564,.738,335,1050,429,239,113,342,521
304,Tennessee-Martin,33,22,11,.667,-6.28,-9.41,,13,7,,12,3,,8,6,,2303,2085,,1325,717,1840,.390,216,740,.292,435,628,.693,372,1102,388,298,105,455,574
305,Texas NCAA,36,21,15,.583,16.82,11.22,,9,9,,12,5,,4,6,,2979,2742,,1450,941,2101,.448,241,694,.347,619,835,.741,331,1099,430,237,130,327,746
306,Texas A&M NCAA,34,22,12,.647,16.17,9.02,,11,7,,14,4,,6,5,,2927,2684,,1390,926,2102,.441,279,878,.318,553,743,.744,423,1292,516,221,137,459,627
307,Texas A&M-Corpus Christi,33,18,15,.545,-2.78,-1.92,,13,9,,10,5,,7,9,,2393,2234,,1325,744,1739,.428,187,619,.302,559,792,.706,303,1055,360,240,129,450,602
308,Texas Christian NCAA,35,23,12,.657,15.25,9.97,,11,7,,14,5,,5,5,,2708,2523,,1415,907,2026,.448,260,776,.335,449,617,.728,338,1179,557,214,132,481,653
309,Texas Southern,30,12,18,.400,-14.44,-8.37,,10,8,,9,5,,3,12,,2251,2339,,1221,774,1756,.441,250,748,.334,541,766,.706,325,1071,417,238,95,373,550
310,Texas State,32,19,13,.594,-7.49,-6.92,,11,7,,16,1,,3,9,,2365,2271,,1295,780,1757,.444,230,664,.346,481,684,.703,299,988,342,252,136,418,522
311,Texas Tech NCAA,34,23,11,.676,21.03,13.86,,12,6,,14,2,,5,5,,2729,2485,,1365,900,2050,.439,236,735,.321,449,643,.698,379,1162,388,206,83,343,551
312,Texas-Rio Grande Valley,33,19,14,.576,0.72,-2.41,,14,8,,10,5,,8,8,,2505,2293,,1335,786,1899,.414,222,733,.303,499,720,.693,379,1127,454,212,103,366,521
313,The Citadel,33,11,22,.333,-16.68,-6.08,,7,11,,7,8,,3,12,,2322,2558,,1345,921,1891,.487,300,824,.364,416,610,.682,329,1184,475,200,102,332,496
314,Toledo,34,19,15,.559,0.52,-1.83,,11,7,,11,4,,5,9,,2755,2603,,1360,979,2087,.469,282,831,.339,363,534,.680,391,1188,500,210,116,426,558
315,Towson,34,19,15,.559,-1.09,-1.72,,9,9,,11,3,,3,10,,2354,2248,,1365,808,1947,.415,250,812,.308,382,549,.696,342,1140,376,168,96,339,501
316,Troy NCAA,34,22,12,.647,-1.20,-3.98,,12,6,,10,3,,9,7,,2696,2488,,1410,893,2061,.433,253,803,.315,449,639,.703,391,1184,449,239,122,426,568
317,Tulane,33,18,15,.545,-2.60,1.03,,8,10,,10,8,,6,4,,2389,2493,,1330,853,1946,.438,266,776,.343,521,733,.711,418,1293,473,203,107,392,605
318,Tulsa,38,30,8,.789,11.45,2.01,,13,5,,16,2,,8,4,,3233,2799,,1545,987,2326,.424,302,947,.319,521,718,.726,404,1256,482,247,112,407,712
319,UAB,32,20,12,.625,3.50,-0.31,,11,7,,8,9,,10,2,,2535,2361,,1295,854,1978,.432,254,787,.323,399,553,.722,324,1162,430,183,140,379,554
320,UC Davis,33,19,14,.576,-1.42,-1.46,,11,9,,12,4,,6,9,,2562,2478,,1330,842,1880,.448,243,723,.336,551,751,.734,338,1177,439,215,107,492,669
,,Overall,Overall,Overall,Overall,Overall,Overall,,Conf.,Conf.,,Home,Home,,Away,Away,,Points,Points,,Opponent,Opponent,Opponent,Opponent,Opponent,Opponent,Opponent,Opponent,Opponent,Opponent,Opponent,Opponent,Opponent,Opponent,Opponent,Opponent,Opponent
321,UC Irvine,35,23,12,.657,3.29,-1.53,,15,5,,12,5,,7,5,,2704,2402,,1415,856,2205,.388,282,844,.334,408,582,.701,438,1282,464,232,135,479,635
322,UC Riverside,32,10,22,.313,-8.10,-0.63,,5,15,,7,7,,3,15,,2334,2492,,1280,887,1883,.471,198,587,.337,520,738,.705,329,1139,439,223,96,357,548
323,UC San Diego,34,23,11,.676,2.00,-2.00,,12,8,,10,5,,8,5,,2573,2390,,1360,845,2026,.417,283,884,.320,417,580,.719,337,1210,475,207,115,407,558
324,UC Santa Barbara,32,18,14,.563,0.83,-2.13,,11,9,,11,4,,5,8,,2483,2328,,1300,805,1742,.462,208,618,.337,510,707,.721,258,967,394,227,97,379,582
325,UCF NCAA,33,21,12,.636,12.95,10.65,,9,9,,13,5,,5,5,,2662,2586,,1330,902,1986,.454,265,782,.339,515,694,.742,332,1113,460,203,128,368,567
326,UCLA NCAA,36,24,12,.667,17.64,11.61,,13,7,,17,1,,4,6,,2775,2558,,1455,874,2022,.432,290,905,.320,520,696,.747,400,1204,553,174,110,442,640
327,UNC Asheville,32,15,17,.469,-6.27,-3.99,,8,8,,9,7,,4,9,,2349,2334,,1295,818,1842,.444,225,688,.327,473,696,.680,337,1075,391,204,87,349,603
328,UNC Greensboro,34,15,19,.441,-11.45,-6.17,,9,9,,8,6,,4,9,,2673,2736,,1375,969,2094,.463,361,971,.372,437,617,.708,334,1186,485,202,104,322,634
329,UNC Wilmington,34,27,7,.794,1.99,-4.51,,15,3,,15,4,,12,2,,2594,2313,,1360,804,1970,.408,249,836,.298,456,618,.738,336,1140,382,175,97,347,633
330,UT Arlington,32,18,14,.563,-1.92,-1.88,,9,9,,9,4,,8,8,,2240,2134,,1295,742,1762,.421,149,558,.267,501,716,.700,324,1017,364,240,109,403,589
331,Utah,32,10,22,.313,5.81,10.56,,2,16,,8,9,,1,10,,2379,2531,,1285,940,1958,.480,232,661,.351,419,586,.715,348,1121,453,191,140,291,499
332,Utah State NCAA,36,29,7,.806,17.57,7.40,,15,5,,14,1,,7,5,,2958,2546,,1445,850,2007,.424,280,814,.344,566,782,.724,406,1198,424,200,118,503,647
333,Utah Tech,34,19,15,.559,-3.77,-1.51,,11,7,,11,3,,6,10,,2612,2548,,1395,922,2081,.443,212,702,.302,492,683,.720,411,1220,440,236,86,422,579
334,Utah Valley,34,25,9,.735,5.24,-1.63,,14,4,,15,1,,6,7,,2724,2338,,1375,794,1905,.417,226,661,.342,524,722,.726,366,1070,424,277,98,518,620
335,UTEP,31,11,20,.355,-6.80,-0.55,,7,13,,9,7,,2,11,,2149,2244,,1255,755,1692,.446,217,634,.342,517,730,.708,339,1125,405,204,88,393,502
336,UTSA,30,5,25,.167,-14.26,1.38,,1,17,,2,12,,2,12,,2084,2422,,1200,846,1895,.446,279,825,.338,451,634,.711,420,1245,471,241,135,325,460
337,Valparaiso,33,18,15,.545,-0.44,0.25,,11,9,,13,4,,4,10,,2376,2358,,1345,836,1882,.444,221,690,.320,465,652,.713,340,1156,409,165,100,382,629
338,Vanderbilt NCAA,36,27,9,.750,22.23,11.48,,11,7,,13,3,,8,4,,3086,2699,,1450,904,2113,.428,261,800,.326,630,835,.754,407,1254,424,190,90,452,686
339,Vermont,34,22,12,.647,-7.02,-10.39,,12,4,,13,3,,8,7,,2496,2330,,1375,785,1837,.427,268,761,.352,492,666,.739,255,1061,385,186,85,328,563
340,Villanova NCAA,33,24,9,.727,15.90,10.02,,15,5,,13,3,,9,3,,2545,2351,,1335,855,1888,.453,232,694,.334,409,567,.721,350,1147,463,168,78,412,544
,,Overall,Overall,Overall,Overall,Overall,Overall,,Conf.,Conf.,,Home,Home,,Away,Away,,Points,Points,,Opponent,Opponent,Opponent,Opponent,Opponent,Opponent,Opponent,Opponent,Opponent,Opponent,Opponent,Opponent,Opponent,Opponent,Opponent,Opponent,Opponent
341,Virginia NCAA,36,30,6,.833,20.61,9.00,,15,3,,16,1,,8,2,,2896,2478,,1465,846,2127,.398,254,805,.316,532,700,.760,398,1177,431,233,116,376,627
342,Virginia Commonwealth NCAA,36,28,8,.778,13.17,4.11,,15,3,,15,2,,7,3,,2910,2584,,1445,921,2132,.432,247,748,.330,495,700,.707,393,1255,468,226,107,424,713
343,VMI,32,6,26,.188,-20.90,-6.21,,1,17,,5,9,,1,14,,2303,2560,,1280,899,1937,.464,306,871,.351,456,629,.725,393,1294,564,177,88,353,506
344,Virginia Tech,32,19,13,.594,12.75,8.84,,8,10,,14,3,,3,7,,2521,2396,,1315,872,1947,.448,236,771,.306,416,560,.743,367,1121,410,175,109,385,576
345,Wagner,31,14,17,.452,-11.99,-8.88,,8,10,,8,5,,6,12,,2210,2222,,1265,764,1770,.432,216,648,.333,478,667,.717,312,1032,413,226,116,322,504
346,Wake Forest,35,18,17,.514,11.73,9.84,,7,11,,13,7,,2,7,,2759,2693,,1415,914,2071,.441,318,966,.329,547,739,.740,399,1222,520,218,97,434,633
347,Washington,33,16,17,.485,13.88,10.40,,7,13,,10,6,,4,9,,2545,2430,,1335,866,1980,.437,254,756,.336,444,614,.723,333,1075,425,187,116,325,539
348,Washington State,32,12,20,.375,3.09,4.70,,7,11,,9,6,,1,11,,2435,2480,,1280,881,1903,.463,245,697,.352,473,633,.747,304,1032,432,228,94,323,535
349,Weber State,32,16,16,.500,-3.20,-2.96,,10,8,,11,5,,5,10,,2598,2474,,1295,878,1880,.467,239,749,.319,479,661,.725,286,1050,441,199,135,379,587
350,West Georgia,32,15,17,.469,-11.31,-6.14,,8,10,,10,5,,4,11,,2450,2547,,1295,903,1948,.464,240,725,.331,501,685,.731,330,1152,458,211,75,339,541
351,West Virginia,35,21,14,.600,13.19,8.31,,9,9,,15,3,,3,6,,2472,2301,,1425,816,1944,.420,255,744,.343,414,569,.728,341,1168,443,220,126,406,564
352,Western Carolina,31,15,16,.484,-6.61,-3.92,,10,8,,10,3,,4,12,,2432,2397,,1250,813,1765,.461,275,760,.362,496,677,.733,264,1003,389,189,84,331,478
353,Western Illinois,31,5,26,.161,-23.76,-8.48,,1,19,,4,11,,1,15,,2011,2381,,1245,864,1822,.474,231,654,.353,422,601,.702,337,1127,434,209,126,322,528
354,Western Kentucky,32,18,14,.563,0.35,-0.58,,11,9,,12,4,,5,7,,2537,2436,,1290,796,1838,.433,264,780,.338,580,836,.694,344,1199,459,194,143,399,604
355,Western Michigan,31,10,21,.323,-8.59,-2.42,,4,14,,7,8,,3,13,,2318,2464,,1245,849,1843,.461,287,806,.356,479,686,.698,318,1072,464,207,140,306,536
356,Wichita State,36,24,12,.667,9.47,2.67,,13,5,,15,3,,8,5,,2811,2547,,1470,900,2150,.419,237,747,.317,510,724,.704,393,1236,399,221,122,391,642
357,William & Mary,32,20,12,.625,-0.33,-2.97,,10,8,,11,2,,6,9,,2660,2487,,1280,857,1969,.435,293,893,.328,480,679,.707,372,1145,461,234,103,453,669
358,Winthrop,34,23,11,.676,-0.82,-4.59,,13,3,,13,1,,7,9,,2844,2566,,1365,870,2021,.430,280,871,.321,546,750,.728,334,1195,394,198,126,420,762
359,Wisconsin NCAA,35,24,11,.686,18.88,12.02,,14,6,,15,2,,6,4,,2904,2664,,1420,954,2141,.446,291,870,.334,465,639,.728,348,1222,485,161,130,349,606
360,Wofford,32,19,13,.594,-7.53,-7.33,,11,7,,10,5,,9,7,,2520,2468,,1285,857,1837,.467,255,703,.363,499,655,.762,304,1091,424,184,100,340,548
,,Overall,Overall,Overall,Overall,Overall,Overall,,Conf.,Conf.,,Home,Home,,Away,Away,,Points,Points,,Opponent,Opponent,Opponent,Opponent,Opponent,Opponent,Opponent,Opponent,Opponent,Opponent,Opponent,Opponent,Opponent,Opponent,Opponent,Opponent,Opponent
361,Wright State NCAA,35,23,12,.657,0.25,-3.90,,15,5,,11,5,,9,5,,2818,2579,,1405,925,2017,.459,237,704,.337,492,672,.732,335,1102,415,238,121,421,640
362,Wyoming,33,18,15,.545,7.34,4.09,,9,11,,14,4,,3,10,,2537,2409,,1320,810,1765,.459,212,649,.327,577,825,.699,300,1051,364,187,119,375,605
363,Xavier,33,15,18,.455,7.75,10.02,,6,14,,12,6,,1,10,,2586,2661,,1330,968,2028,.477,260,748,.348,465,661,.703,337,1248,613,194,126,367,517
364,Yale,31,24,7,.774,5.69,-2.62,,11,3,,10,3,,9,3,,2520,2197,,1255,787,1826,.431,289,829,.349,334,464,.720,315,972,420,159,104,343,552
365,Youngstown State,32,15,17,.469,-4.62,-4.82,,8,12,,10,5,,4,11,,2495,2338,,1285,834,1851,.451,216,621,.348,454,613,.741,329,1062,393,227,90,403,533
