School,G,W,L,W-L%,SRS,SOS,,W,L,,W,L,,W,L,,Tm.,Opp.,,MP,FG,FGA,FG%,3P,3PA,3P%,FT,FTA,FT%,ORB,TRB,AST,STL,BLK,TOV,PF
Abilene Christian,33,14,19,0.424,-7.38,-1.45,,5,13,,9,5,,3,12,,2321,2389,,1325,793,1621,0.489,196,498,0.394,607,842,0.721,266,1029,393,278,147,541,605
Air Force,32,3,29,0.094,-13.75,4.6,,0,20,,3,15,,0,12,,1969,2556,,1280,900,1834,0.491,268,712,0.376,488,671,0.727,321,1146,488,255,113,325,569
Akron ,35,29,6,0.829,8.48,-2.91,,17,1,,15,0,,9,3,,3075,2590,,1400,908,2127,0.427,330,934,0.353,444,616,0.721,383,1157,467,221,100,470,547
Alabama ,35,25,10,0.714,23.03,14.57,,13,5,,12,3,,7,3,,3192,2896,,1410,1037,2401,0.432,287,849,0.338,535,769,0.696,483,1395,488,224,133,334,675
Alabama A&M,33,18,15,0.545,-13.31,-10.81,,10,8,,12,5,,4,8,,2378,2393,,1325,822,1860,0.442,231,682,0.339,518,714,0.725,329,1129,463,202,99,372,634
Alabama State,32,10,22,0.313,-14.49,-8.43,,7,11,,5,4,,4,15,,2341,2473,,1280,826,1837,0.45,253,746,0.339,568,774,0.734,336,1159,453,243,127,441,560
Albany (NY),32,11,21,0.344,-14.11,-8.29,,7,9,,6,5,,4,13,,2303,2332,,1280,814,1820,0.447,252,719,0.35,452,623,0.726,331,1035,446,218,101,345,426
Alcorn State,32,9,23,0.281,-20.14,-6.86,,7,11,,5,4,,2,18,,2141,2566,,1282,911,1850,0.492,214,649,0.33,530,729,0.727,366,1182,507,234,134,403,493
American,32,16,16,0.5,-7.25,-6.55,,9,9,,11,6,,5,10,,2387,2283,,1280,786,1689,0.465,213,627,0.34,498,688,0.724,287,1070,418,198,94,422,541
Appalachian State,32,19,13,0.594,-3.97,-5.87,,11,7,,11,4,,7,8,,2305,2114,,1285,739,1851,0.399,240,763,0.315,396,563,0.703,341,1089,374,162,80,301,608
Arizona ,39,36,3,0.923,29.78,13.01,,16,2,,16,1,,9,1,,3360,2706,,1565,969,2458,0.394,290,923,0.314,478,666,0.718,426,1239,486,240,148,455,776
Arizona State,33,17,16,0.515,10.41,12.41,,7,11,,10,5,,2,9,,2519,2585,,1320,899,1984,0.453,280,800,0.35,505,681,0.742,407,1199,498,244,113,430,654
Arkansas ,37,28,9,0.757,21.48,12.32,,13,5,,17,1,,5,5,,3337,2998,,1500,1087,2376,0.457,288,906,0.318,536,742,0.722,415,1273,542,184,103,425,658
Arkansas State,32,20,12,0.625,-0.93,-4.67,,11,7,,11,4,,9,7,,2655,2471,,1295,861,1960,0.439,249,766,0.325,500,713,0.701,326,1067,440,284,106,368,618
Arkansas-Pine Bluff,32,13,19,0.406,-15.11,-7.25,,10,8,,7,4,,6,14,,2472,2593,,1285,876,1908,0.459,238,711,0.335,603,809,0.745,363,1158,473,244,100,395,529
Army,32,11,21,0.344,-15.65,-7.51,,5,13,,6,10,,5,10,,2309,2471,,1305,844,1807,0.467,261,749,0.348,522,702,0.744,285,1119,448,230,101,353,509
Auburn,38,22,16,0.579,16.63,12.39,,7,11,,14,4,,2,8,,3154,2993,,1535,1043,2251,0.463,331,903,0.367,576,773,0.745,395,1238,542,245,170,432,736
Austin Peay,31,22,9,0.71,-2.53,-6.98,,15,3,,12,1,,9,7,,2530,2269,,1240,808,1805,0.448,240,739,0.325,413,585,0.706,312,1067,429,204,98,425,560
Ball State,31,12,19,0.387,-9.9,-4.59,,7,11,,7,7,,4,11,,2093,2154,,1250,753,1691,0.445,232,694,0.334,416,546,0.762,293,1107,404,166,113,395,485
Baylor,34,17,17,0.5,14.99,11.47,,6,12,,11,6,,3,7,,2778,2599,,1360,945,2063,0.458,250,723,0.346,459,613,0.749,365,1089,461,232,108,378,601
Bellarmine,32,13,19,0.406,-9.36,-5,,7,11,,9,5,,2,13,,2561,2614,,1290,898,1856,0.484,372,936,0.397,446,606,0.736,342,1026,553,193,94,331,560
Belmont,32,26,6,0.813,8.57,-0.79,,16,4,,13,2,,11,3,,2684,2347,,1290,793,1933,0.41,319,949,0.336,442,586,0.754,348,1056,428,217,94,395,557
Bethune-Cookman,32,17,15,0.531,-9.7,-6.76,,14,4,,10,1,,7,11,,2412,2462,,1295,857,1954,0.439,216,660,0.327,532,745,0.714,377,1139,408,271,92,375,595
Binghamton,31,8,23,0.258,-20.91,-11.01,,4,12,,7,8,,1,14,,2105,2321,,1265,828,1789,0.463,250,701,0.357,413,595,0.694,303,1045,400,217,94,279,541
Boise State,32,20,12,0.625,11.98,7.78,,12,8,,12,4,,6,5,,2502,2351,,1310,851,1841,0.462,237,683,0.347,412,579,0.712,240,916,390,189,95,314,632
Boston College,31,11,20,0.355,2.92,6.17,,4,14,,10,7,,1,10,,2090,2191,,1260,773,1811,0.427,225,706,0.319,420,626,0.671,322,1163,376,192,105,311,530
Boston University,34,17,17,0.5,-8.39,-8.54,,10,8,,10,5,,6,12,,2566,2514,,1395,897,1954,0.459,290,795,0.365,430,593,0.725,312,1033,440,240,90,294,522
Bowling Green,32,18,14,0.563,0.2,-3.83,,9,9,,10,7,,6,6,,2602,2290,,1285,785,1802,0.436,256,752,0.34,464,647,0.717,282,1070,412,208,116,469,607
Bradley,34,21,13,0.618,3.2,0.44,,13,7,,14,3,,4,7,,2626,2502,,1405,857,1892,0.453,277,760,0.364,511,717,0.713,316,1212,461,168,103,463,621
Brigham Young ,35,23,12,0.657,20.39,12.27,,9,9,,12,3,,3,6,,2924,2640,,1405,953,2149,0.443,296,838,0.353,438,620,0.706,381,1202,515,220,106,405,647
Brown,27,9,18,0.333,-10.16,-4.92,,3,11,,6,8,,3,10,,1900,1892,,1100,641,1483,0.432,207,631,0.328,403,534,0.755,258,927,356,207,91,364,414
Bryant,31,9,22,0.29,-18.35,-8.08,,5,11,,8,5,,1,17,,2010,2246,,1255,805,1777,0.453,224,632,0.354,412,578,0.713,321,1087,406,248,72,301,469
Bucknell,33,10,23,0.303,-14.66,-5.72,,6,12,,6,8,,4,12,,2223,2518,,1336,857,1852,0.463,313,846,0.37,491,653,0.752,334,1155,530,249,122,400,541
Buffalo,32,17,15,0.531,-3.77,-4.24,,7,11,,7,8,,8,6,,2497,2438,,1290,874,1839,0.475,268,766,0.35,422,575,0.734,317,1067,514,213,78,386,557
Butler,32,16,16,0.5,10.28,8.44,,7,13,,10,7,,3,8,,2540,2481,,1300,931,2039,0.457,255,765,0.333,364,507,0.718,349,1099,500,217,149,344,647
Cal Poly,33,14,19,0.424,-4.52,-0.55,,10,10,,8,6,,6,11,,2710,2805,,1325,991,2154,0.46,308,895,0.344,515,711,0.724,383,1245,520,239,112,413,649
Cal State Bakersfield,32,8,24,0.25,-13.06,-1.63,,2,18,,6,11,,2,13,,2339,2629,,1280,890,1915,0.465,262,735,0.356,587,816,0.719,402,1227,475,240,116,428,619
Cal State Fullerton,34,18,16,0.529,-2.18,-0.31,,12,8,,10,4,,6,10,,2822,2778,,1360,956,2088,0.458,324,958,0.338,542,723,0.75,341,1302,561,207,96,512,688
Cal State Northridge,34,20,14,0.588,-2.34,-1.65,,12,8,,12,3,,7,8,,2767,2713,,1365,906,2132,0.425,350,1036,0.338,551,730,0.755,344,1230,530,268,145,435,624
California,34,22,12,0.647,11.15,6.82,,9,9,,17,5,,4,6,,2658,2493,,1370,878,2015,0.436,258,825,0.313,479,728,0.658,377,1244,497,178,126,390,615
California Baptist ,34,25,9,0.735,2.56,-2.5,,13,5,,15,0,,7,7,,2470,2298,,1375,804,1931,0.416,180,611,0.295,510,707,0.721,332,1116,366,230,132,394,609
Campbell,34,16,18,0.471,-3.2,-0.45,,8,10,,10,4,,3,13,,2691,2639,,1360,954,1999,0.477,207,591,0.35,524,711,0.737,349,1125,467,236,126,415,668
Canisius,31,10,21,0.323,-17,-7.87,,5,15,,7,8,,3,13,,1951,2184,,1245,756,1696,0.446,243,746,0.326,429,596,0.72,300,1058,424,207,101,329,478
Central Arkansas,34,22,12,0.647,-1.72,-5.03,,15,3,,14,1,,6,10,,2749,2541,,1385,887,1977,0.449,356,1040,0.342,411,564,0.729,303,1175,547,223,112,469,571
Central Connecticut State,30,18,12,0.6,-11.55,-10.16,,12,6,,10,4,,8,8,,2215,2127,,1205,771,1794,0.43,236,718,0.329,349,457,0.764,307,990,420,189,68,282,476
Central Michigan,31,10,21,0.323,-8.76,-2.76,,6,12,,8,5,,1,15,,2275,2384,,1240,835,1803,0.463,242,707,0.342,472,689,0.685,359,1093,488,244,99,380,523
Charleston Southern,32,15,17,0.469,-6.83,-6.8,,6,10,,10,4,,5,11,,2670,2563,,1310,871,2109,0.413,202,662,0.305,619,873,0.709,399,1263,336,261,97,305,557
Charlotte,34,17,17,0.5,-0.24,1.03,,9,9,,11,6,,4,8,,2492,2530,,1385,878,1981,0.443,272,805,0.338,502,706,0.711,381,1105,446,228,97,306,568
Chattanooga,32,13,19,0.406,-11.09,-7.16,,7,11,,7,8,,6,9,,2454,2408,,1280,800,1875,0.427,269,821,0.328,539,764,0.705,351,1139,417,180,72,301,512
Chicago State,32,7,25,0.219,-16.47,-5.12,,5,13,,5,6,,2,19,,2105,2434,,1285,818,1727,0.474,318,891,0.357,480,642,0.748,340,1160,591,177,108,427,489
Cincinnati,33,18,15,0.545,15.15,9.6,,9,9,,15,3,,2,8,,2413,2230,,1325,791,1922,0.412,238,767,0.31,410,577,0.711,325,1156,431,189,76,417,530
Clemson ,35,24,11,0.686,16.35,9.32,,12,6,,13,3,,6,5,,2582,2336,,1410,794,1898,0.418,266,820,0.324,482,644,0.748,309,1143,365,192,113,400,632
Cleveland State,33,11,22,0.333,-13.29,-3.25,,6,14,,7,8,,3,13,,2633,2836,,1320,984,2055,0.479,321,905,0.355,547,724,0.756,405,1193,572,224,129,369,623
Coastal Carolina,32,19,13,0.594,-7.72,-5.97,,11,7,,8,5,,10,7,,2346,2323,,1310,803,2005,0.4,233,733,0.318,484,682,0.71,345,1229,303,181,82,277,535
Colgate,33,18,15,0.545,-6.26,-5.64,,11,7,,9,5,,6,10,,2522,2462,,1350,864,1958,0.441,274,802,0.342,460,642,0.717,340,1126,467,191,77,348,533
College of Charleston,32,21,11,0.656,-1.44,-2.86,,14,4,,11,4,,8,4,,2413,2348,,1290,849,2031,0.418,285,882,0.323,365,523,0.698,405,1192,447,201,98,332,621
Colorado,33,17,16,0.515,10.48,10.08,,7,11,,13,5,,2,8,,2645,2632,,1335,914,1989,0.46,263,724,0.363,541,728,0.743,342,1149,468,197,118,358,613
Colorado State,34,21,13,0.618,8.19,4.92,,11,9,,12,6,,6,5,,2574,2416,,1360,850,1881,0.452,274,810,0.338,442,635,0.696,327,1019,397,228,78,345,634
Columbia,28,16,12,0.571,-2.85,-4.24,,5,9,,9,5,,7,7,,2146,2007,,1130,706,1627,0.434,200,590,0.339,395,533,0.741,259,858,411,191,108,284,436
Connecticut ,40,34,6,0.85,23.42,12.02,,17,3,,15,2,,9,2,,3064,2608,,1610,868,2155,0.403,234,776,0.302,638,878,0.727,400,1255,427,225,140,471,676
Coppin State,31,7,24,0.226,-24.92,-8.19,,5,9,,3,6,,4,15,,2032,2493,,1245,825,1768,0.467,291,769,0.378,552,742,0.744,346,1108,514,276,131,387,554
Cornell,28,15,13,0.536,-1.98,-3.14,,8,6,,7,4,,8,8,,2477,2335,,1130,824,1728,0.477,247,664,0.372,440,614,0.717,289,939,468,191,78,318,479
Creighton,34,16,18,0.471,10.16,10.19,,9,11,,10,6,,4,8,,2556,2557,,1365,972,2139,0.454,241,686,0.351,372,530,0.702,368,1223,488,233,108,321,557
Dartmouth,27,11,16,0.407,-8.52,-3.2,,5,9,,5,8,,6,8,,2047,2071,,1085,750,1677,0.447,225,666,0.338,346,485,0.713,280,965,387,199,80,261,486
Davidson,34,20,14,0.588,4.21,2.86,,10,8,,11,7,,7,5,,2447,2309,,1375,812,1849,0.439,218,672,0.324,467,677,0.69,333,1152,394,202,96,395,567
Dayton,37,25,12,0.676,9.01,4.17,,12,6,,14,4,,8,5,,2743,2564,,1495,884,2018,0.438,292,825,0.354,504,716,0.704,359,1246,448,249,133,530,743
Delaware,31,10,21,0.323,-8.83,-2.63,,6,14,,5,10,,4,10,,2098,2293,,1265,796,1823,0.437,273,784,0.348,428,553,0.774,334,1074,476,234,90,282,454
Delaware State,31,8,23,0.258,-22.69,-10.95,,2,12,,5,7,,2,14,,1896,2185,,1250,768,1646,0.467,196,577,0.34,453,635,0.713,285,1065,425,205,124,410,489
Denver,32,15,17,0.469,-6.12,-2.4,,8,8,,9,5,,6,11,,2650,2650,,1280,950,1950,0.487,269,728,0.37,481,691,0.696,350,1097,407,188,88,291,598
DePaul,32,16,16,0.5,7.32,6.63,,8,12,,11,7,,4,7,,2248,2226,,1280,767,1772,0.433,213,601,0.354,479,670,0.715,331,1097,441,235,118,404,555
Detroit Mercy,32,17,15,0.531,-5.81,-3.38,,12,8,,9,5,,7,9,,2471,2475,,1280,848,1912,0.444,266,814,0.327,513,722,0.711,348,1107,492,199,105,330,576
Drake,34,14,20,0.412,-1.34,1.03,,6,14,,6,11,,4,7,,2552,2544,,1370,896,2039,0.439,325,902,0.36,427,628,0.68,358,1237,496,204,90,353,577
Drexel,33,17,16,0.515,-4.98,-4.73,,10,8,,12,4,,4,9,,2247,2221,,1320,775,1859,0.417,189,630,0.3,482,641,0.752,353,1123,363,242,102,360,549
Duke ,38,35,3,0.921,30.15,12.15,,17,1,,15,0,,10,1,,3102,2418,,1520,875,2225,0.393,307,1002,0.306,361,507,0.712,357,1112,458,246,119,439,689
Duquesne,33,18,15,0.545,3.27,2.23,,9,9,,12,6,,5,7,,2584,2481,,1340,843,1887,0.447,269,753,0.357,526,721,0.73,333,1116,459,236,136,432,580
East Carolina,31,11,20,0.355,-5.8,0.36,,6,12,,7,10,,4,8,,2217,2401,,1255,855,1889,0.453,256,735,0.348,435,600,0.725,355,1115,462,224,101,353,577
East Tennessee State,34,23,11,0.676,-0.79,-7.48,,13,5,,13,4,,8,6,,2638,2356,,1370,802,1888,0.425,291,902,0.323,461,645,0.715,329,1092,439,199,90,435,519
East Texas A&M,32,11,21,0.344,-11.2,-2.24,,6,16,,6,8,,4,13,,2246,2385,,1280,839,1874,0.448,255,702,0.363,452,649,0.696,357,1183,465,230,104,396,478
Eastern Illinois,33,13,20,0.394,-13.84,-6.21,,8,12,,9,6,,3,13,,2214,2321,,1335,806,1865,0.432,248,790,0.314,461,621,0.742,377,1169,465,208,146,441,529
Eastern Kentucky,32,11,21,0.344,-10.43,-4.83,,7,11,,8,7,,3,13,,2568,2619,,1300,908,1886,0.481,282,781,0.361,521,721,0.723,335,1137,490,228,85,368,539
Eastern Michigan,31,10,21,0.323,-6.02,-1.82,,4,14,,7,7,,3,14,,2191,2279,,1250,804,1823,0.441,209,643,0.325,462,644,0.717,320,1100,409,203,118,341,496
Eastern Washington,33,14,19,0.424,-2.36,-0.86,,11,7,,8,4,,5,13,,2576,2606,,1330,912,1903,0.479,260,737,0.353,522,688,0.759,321,1053,448,246,97,372,623
Elon,32,14,18,0.438,-5.74,-3.27,,6,12,,8,8,,6,9,,2500,2492,,1300,869,1911,0.455,304,846,0.359,450,639,0.704,367,1133,485,203,117,370,556
Evansville,32,7,25,0.219,-9.23,3.27,,3,17,,5,10,,1,12,,2143,2447,,1290,858,1873,0.458,297,803,0.37,434,582,0.746,315,1147,494,244,71,342,524
Fairfield,34,21,13,0.618,-8.11,-9.11,,11,9,,12,4,,7,8,,2528,2432,,1365,879,1972,0.446,240,705,0.34,434,588,0.738,334,1173,459,195,145,397,542
FDU,32,11,21,0.344,-15.19,-7.64,,8,10,,8,6,,3,15,,2150,2245,,1285,781,1695,0.461,250,686,0.364,433,612,0.708,262,1024,393,200,92,350,544
Florida ,35,27,8,0.771,27.74,12.14,,16,2,,14,1,,8,2,,3050,2504,,1400,870,2139,0.407,234,729,0.321,530,728,0.728,338,1066,388,226,99,385,689
Florida A&M,31,15,16,0.484,-14.33,-9.27,,11,7,,8,4,,5,11,,2183,2312,,1245,785,1752,0.448,212,608,0.349,530,704,0.753,321,1062,389,271,101,424,563
Florida Atlantic,33,18,15,0.545,3.68,1.84,,9,9,,11,4,,4,8,,2596,2453,,1335,849,1977,0.429,240,714,0.336,515,712,0.723,341,1143,392,247,92,375,562
Florida Gulf Coast,34,16,18,0.471,-6.63,-5.26,,8,10,,11,6,,3,11,,2631,2598,,1375,873,1954,0.447,312,889,0.351,540,740,0.73,320,1159,462,216,108,401,559
Florida International,32,15,17,0.469,-2,-0.66,,8,12,,12,6,,3,10,,2580,2492,,1295,849,1955,0.434,310,869,0.357,484,685,0.707,403,1171,526,256,108,484,600
Florida State,33,18,15,0.545,11.1,8.67,,10,8,,11,6,,6,5,,2652,2572,,1320,896,2015,0.445,313,904,0.346,467,659,0.709,406,1261,499,222,130,450,590
Fordham,32,17,15,0.531,0.09,-1.12,,8,10,,11,7,,4,6,,2235,2095,,1285,744,1766,0.421,251,757,0.332,356,521,0.683,278,1023,454,190,96,377,502
Fresno State,32,13,19,0.406,3.38,4.54,,7,13,,10,8,,2,10,,2331,2330,,1280,840,1902,0.442,255,845,0.302,395,545,0.725,346,1125,428,236,103,406,581
Furman ,35,22,13,0.629,-2.91,-5.38,,10,8,,11,5,,7,5,,2671,2479,,1415,891,2086,0.427,282,880,0.32,415,591,0.702,349,1137,427,265,104,337,596
Gardner-Webb,33,4,29,0.121,-22.51,-2.01,,1,15,,3,10,,0,16,,2248,2820,,1320,1002,2031,0.493,300,834,0.36,516,711,0.726,397,1298,556,266,114,371,513
George Mason,33,23,10,0.697,5.97,1.07,,11,7,,17,3,,4,6,,2418,2237,,1320,801,1876,0.427,257,788,0.326,378,533,0.709,325,1023,421,213,113,335,629
George Washington,35,19,16,0.543,8.27,2.57,,8,10,,12,4,,4,8,,2848,2597,,1405,900,2022,0.445,289,862,0.335,508,695,0.731,340,1130,545,282,116,445,589
Georgetown,34,16,18,0.471,9.07,8.36,,6,14,,10,7,,4,8,,2503,2479,,1375,858,1991,0.431,273,821,0.333,490,675,0.726,381,1175,471,211,116,373,595
Georgia ,33,22,11,0.667,18.46,8.89,,10,8,,14,4,,6,4,,2951,2635,,1340,949,2143,0.443,271,806,0.336,466,648,0.719,442,1247,456,231,119,453,623
Georgia Southern,37,21,16,0.568,-6.71,-6.25,,8,10,,9,5,,7,8,,2994,2949,,1495,996,2204,0.452,300,875,0.343,657,889,0.739,455,1435,469,236,102,504,676
Georgia State,32,10,22,0.313,-11.81,-4.81,,7,11,,7,7,,3,12,,2253,2391,,1285,835,1911,0.437,250,742,0.337,471,674,0.699,376,1239,434,192,91,371,589
Georgia Tech,31,11,20,0.355,2.57,6.22,,2,16,,10,9,,1,9,,2287,2400,,1245,822,1931,0.426,284,857,0.331,472,661,0.714,362,1134,463,251,134,347,528
Gonzaga ,35,31,4,0.886,23.94,5.82,,16,2,,15,0,,8,2,,2950,2316,,1405,803,2021,0.397,264,864,0.306,446,624,0.715,338,1125,424,188,92,493,604
Grambling,33,14,19,0.424,-12.5,-10.27,,7,11,,7,5,,4,13,,2321,2314,,1320,796,1826,0.436,208,647,0.321,514,720,0.714,351,1117,414,278,140,489,591
Grand Canyon,32,20,12,0.625,10.96,3.99,,13,7,,13,4,,6,5,,2420,2197,,1285,736,1780,0.413,217,680,0.319,508,694,0.732,281,1004,369,206,88,384,645
Green Bay,33,18,15,0.545,-5.25,-3.28,,12,8,,10,4,,6,9,,2469,2470,,1331,836,1858,0.45,293,811,0.361,505,680,0.743,315,1039,486,202,97,296,587
Hampton,32,13,19,0.406,-8.94,-4.84,,7,11,,10,2,,2,12,,2237,2264,,1290,781,1730,0.451,183,579,0.316,519,764,0.679,318,1107,391,197,136,372,599
Harvard,29,17,12,0.586,-1.89,-4.35,,10,4,,8,4,,9,6,,2032,1934,,1175,707,1623,0.436,201,635,0.317,319,437,0.73,268,924,364,189,71,322,414
Hawaii ,33,24,9,0.727,4.45,-3.1,,14,6,,16,3,,6,5,,2626,2328,,1330,827,1990,0.416,194,647,0.3,480,689,0.697,318,1092,325,254,97,401,677
High Point ,36,31,5,0.861,7.27,-6.34,,15,1,,17,1,,7,2,,3230,2565,,1450,892,2070,0.431,270,833,0.324,511,722,0.708,381,1238,464,173,128,575,706
Hofstra ,35,24,11,0.686,4.16,-1.96,,12,6,,10,2,,9,8,,2641,2336,,1410,793,2034,0.39,261,825,0.316,489,687,0.712,398,1195,434,177,121,353,583
Holy Cross,33,11,22,0.333,-13.97,-7.1,,5,13,,6,8,,4,14,,2251,2418,,1320,900,1896,0.475,242,732,0.331,376,509,0.739,286,1129,450,209,100,323,512
Houston ,37,30,7,0.811,26.24,11.7,,14,4,,15,1,,6,3,,2844,2306,,1485,766,1934,0.396,254,803,0.316,520,748,0.695,390,1243,410,167,87,495,585
Houston Christian,32,12,20,0.375,-10,-3.86,,8,14,,9,5,,3,13,,2147,2309,,1285,847,1792,0.473,234,671,0.349,381,536,0.711,328,1073,448,225,103,379,510
Howard ,35,24,11,0.686,-4.26,-10.42,,11,3,,11,4,,7,6,,2722,2420,,1404,828,1933,0.428,208,674,0.309,556,786,0.707,364,1112,385,207,140,517,691
Idaho ,36,21,15,0.583,-0.58,-2.21,,9,9,,9,4,,7,9,,2800,2618,,1445,894,2065,0.433,262,755,0.347,568,770,0.738,296,1205,412,229,97,386,668
Idaho State,33,13,20,0.394,-5.91,-1.98,,5,13,,8,6,,3,12,,2459,2513,,1326,880,1856,0.474,245,694,0.353,508,668,0.76,272,970,427,218,97,330,633
Illinois ,37,28,9,0.757,26.69,12.23,,15,5,,14,3,,8,2,,3079,2544,,1500,945,2330,0.406,316,1011,0.313,338,458,0.738,373,1140,491,201,94,286,697
Illinois State,36,23,13,0.639,6.51,1.46,,12,8,,14,2,,7,7,,2688,2466,,1445,892,2049,0.435,236,726,0.325,446,650,0.686,321,1171,462,221,102,388,616
Illinois-Chicago,35,19,16,0.543,3.14,0.44,,12,8,,9,5,,7,9,,2640,2470,,1420,843,1971,0.428,304,907,0.335,480,645,0.744,370,1134,557,229,138,480,635
Incarnate Word,31,12,19,0.387,-7.31,-2.74,,7,15,,9,6,,2,12,,2302,2285,,1240,797,1698,0.469,206,601,0.343,485,677,0.716,303,1009,407,185,101,330,513
Indiana,32,18,14,0.563,16.4,10.4,,9,11,,14,4,,3,8,,2501,2309,,1295,786,1833,0.429,223,674,0.331,514,678,0.758,320,1036,385,177,90,325,551
Indiana State,32,11,21,0.344,-3.11,0.29,,4,16,,8,7,,3,12,,2354,2383,,1305,889,1990,0.447,218,690,0.316,387,561,0.69,358,1149,387,258,130,343,489
Iona,32,18,14,0.563,-7.35,-8.07,,10,10,,11,3,,6,8,,2363,2340,,1305,840,1968,0.427,245,801,0.306,415,566,0.733,373,1197,475,238,114,371,512
Iowa ,37,24,13,0.649,19.2,10.93,,10,10,,14,3,,3,8,,2758,2452,,1485,843,1836,0.459,245,735,0.333,521,707,0.737,312,1068,439,188,99,473,643
Iowa State ,37,29,8,0.784,26.62,10.27,,12,6,,16,1,,5,5,,3033,2428,,1480,873,2031,0.43,277,865,0.32,405,570,0.711,348,1156,480,244,139,572,632
IU Indy,32,7,25,0.219,-12.64,-4.34,,3,17,,5,9,,2,15,,2673,2825,,1285,960,1887,0.509,257,666,0.386,648,876,0.74,359,1223,506,244,98,497,468
Jackson State,33,12,21,0.364,-19.78,-6.27,,10,8,,7,3,,4,15,,2318,2764,,1330,928,2014,0.461,278,800,0.348,630,843,0.747,443,1330,565,262,136,389,599
Jacksonville,32,12,20,0.375,-11.03,-5.36,,7,11,,8,4,,3,14,,2339,2349,,1290,812,1732,0.469,210,612,0.343,515,733,0.703,284,986,406,213,82,331,522
Jacksonville State,32,15,17,0.469,-3.61,-2.95,,10,10,,10,7,,5,8,,2325,2188,,1290,726,1776,0.409,239,759,0.315,497,674,0.737,309,1070,365,203,101,361,599
James Madison,33,18,15,0.545,-5.22,-5.5,,9,9,,11,4,,5,10,,2460,2437,,1330,822,1929,0.426,239,735,0.325,554,765,0.724,356,1140,371,210,117,287,550
Kansas ,35,24,11,0.686,20.42,14.36,,12,6,,14,2,,5,6,,2629,2417,,1410,858,2221,0.386,284,929,0.306,417,608,0.686,432,1286,406,230,109,333,558
Kansas City,31,4,27,0.129,-20.08,-2.33,,1,15,,3,11,,1,15,,2149,2600,,1245,951,1968,0.483,276,759,0.364,422,597,0.707,380,1241,497,247,113,370,543
Kansas State,32,12,20,0.375,8.23,10.51,,3,15,,10,8,,1,10,,2546,2619,,1280,924,2010,0.46,261,775,0.337,510,707,0.721,388,1195,522,237,132,403,498
Kennesaw State ,35,21,14,0.6,0.43,-1.35,,10,10,,13,3,,4,8,,2898,2659,,1410,849,2086,0.407,258,786,0.328,703,941,0.747,400,1248,415,271,147,424,703
Kent State,34,24,10,0.706,-0.84,-2.47,,14,4,,14,3,,7,6,,2866,2707,,1385,910,2086,0.436,312,908,0.344,575,799,0.72,361,1171,498,238,107,408,704
Kentucky ,36,22,14,0.611,19.13,12.96,,10,8,,14,4,,4,6,,2898,2676,,1445,915,2150,0.426,273,858,0.318,573,782,0.733,396,1240,507,245,111,390,651
La Salle,32,9,23,0.281,-4.21,3.89,,5,13,,7,6,,1,13,,2148,2370,,1280,852,1833,0.465,281,775,0.363,385,559,0.689,339,1108,520,212,150,366,548
Lafayette,32,11,21,0.344,-13.09,-6.83,,8,10,,6,10,,5,11,,2222,2381,,1285,857,1857,0.461,255,716,0.356,412,559,0.737,303,1145,506,174,114,342,555
Lamar,31,12,19,0.387,-5.96,-3.9,,7,15,,7,8,,5,10,,2167,2143,,1245,721,1661,0.434,215,616,0.349,486,708,0.686,303,1028,414,234,101,369,478
Le Moyne,32,15,17,0.469,-11.08,-9.5,,10,8,,9,4,,5,12,,2336,2341,,1280,807,1925,0.419,272,759,0.358,455,619,0.735,347,1126,443,242,97,345,563
Lehigh ,35,18,17,0.514,-10.05,-7.48,,11,7,,13,4,,4,11,,2545,2582,,1445,935,2095,0.446,217,666,0.326,495,656,0.755,378,1252,412,291,100,394,594
Liberty,34,26,8,0.765,2.54,-1.11,,17,3,,14,2,,11,3,,2641,2397,,1370,880,1955,0.45,267,718,0.372,370,508,0.728,351,1145,409,178,99,377,532
Lindenwood,33,18,15,0.545,-9.44,-8.77,,11,9,,9,5,,7,9,,2566,2398,,1320,856,2020,0.424,203,665,0.305,483,717,0.674,395,1216,408,274,126,468,586
Lipscomb,32,19,13,0.594,-4.52,-5.12,,12,6,,13,1,,6,11,,2549,2423,,1285,885,1950,0.454,264,780,0.338,389,546,0.712,341,1154,405,209,99,413,491
Little Rock,32,12,20,0.375,-13.3,-8.03,,9,11,,7,6,,5,13,,2257,2372,,1280,843,1888,0.447,262,757,0.346,424,609,0.696,404,1169,444,241,75,417,475
Long Beach State,32,10,22,0.313,-5.83,-0.07,,6,14,,7,9,,3,13,,2396,2489,,1295,854,1816,0.47,218,632,0.345,563,750,0.751,278,1093,447,213,86,418,540
Long Island University ,35,24,11,0.686,-5.16,-7.08,,15,3,,14,1,,10,9,,2577,2510,,1405,906,2024,0.448,214,665,0.322,484,703,0.688,405,1181,446,248,122,450,607
Longwood,32,16,16,0.5,-8.35,-8.01,,8,8,,11,4,,4,10,,2486,2370,,1315,813,1802,0.451,252,775,0.325,492,710,0.693,303,1017,405,251,111,472,608
Louisiana,33,11,22,0.333,-12.28,-5.28,,7,11,,7,8,,3,13,,2101,2332,,1320,777,1683,0.462,217,610,0.356,561,771,0.728,323,1142,386,165,87,387,499
Louisiana State,32,15,17,0.469,12.27,9.33,,3,15,,9,8,,3,7,,2606,2512,,1315,866,1960,0.442,263,743,0.354,517,741,0.698,381,1107,401,215,104,314,607
Louisiana Tech,34,20,14,0.588,-3.06,-3.13,,11,9,,14,3,,4,10,,2375,2210,,1375,735,1871,0.393,286,876,0.326,454,652,0.696,368,1124,409,226,127,415,546
Louisiana-Monroe,32,4,28,0.125,-18.77,-5.11,,1,17,,3,11,,1,15,,2318,2685,,1290,996,2057,0.484,302,846,0.357,391,555,0.705,394,1276,563,239,128,363,602
Louisville ,35,24,11,0.686,22.44,10.7,,11,7,,15,2,,4,7,,2949,2538,,1400,888,2096,0.424,267,827,0.323,495,691,0.716,358,1169,438,235,126,415,617
Loyola (IL),33,9,24,0.273,-6.26,2.71,,4,14,,6,10,,1,9,,2204,2500,,1325,845,1926,0.439,314,853,0.368,496,648,0.765,332,1108,518,237,130,282,554
Loyola (MD),32,12,20,0.375,-13.63,-8.8,,8,10,,8,6,,3,13,,2407,2466,,1300,891,1891,0.471,238,736,0.323,446,614,0.726,305,1129,494,196,83,342,517
Loyola Marymount,32,15,17,0.469,0.76,1.18,,6,12,,10,8,,4,7,,2376,2306,,1295,804,1906,0.422,238,703,0.339,460,614,0.749,360,1142,410,196,79,375,555
Maine,32,8,24,0.25,-17.11,-9.78,,6,10,,4,8,,4,14,,2001,2190,,1280,795,1766,0.45,193,651,0.296,407,592,0.688,358,1178,417,200,87,415,548
Manhattan,32,12,20,0.375,-15.19,-8,,8,12,,7,7,,3,12,,2369,2526,,1295,936,2010,0.466,280,768,0.365,374,513,0.729,411,1224,572,181,124,370,544
Marist,31,19,12,0.613,-3.72,-8.69,,12,8,,11,4,,7,7,,2160,1979,,1245,684,1698,0.403,177,626,0.283,434,624,0.696,312,1058,315,202,97,398,450
Marquette,32,12,20,0.375,9.05,9.67,,7,13,,10,7,,2,10,,2405,2425,,1295,852,1932,0.441,250,764,0.327,471,619,0.761,393,1233,513,221,113,438,544
Marshall,32,19,13,0.594,-3.07,-4.65,,11,7,,13,4,,6,8,,2596,2497,,1280,835,1930,0.433,258,771,0.335,569,785,0.725,407,1163,384,227,86,374,541
Maryland,33,12,21,0.364,4.56,11.44,,4,16,,7,8,,2,10,,2300,2527,,1325,873,1874,0.466,293,807,0.363,488,670,0.728,314,1101,534,210,116,330,574
Maryland-Baltimore County ,33,24,9,0.727,-4.68,-11.81,,14,2,,15,2,,9,6,,2522,2230,,1330,835,1964,0.425,227,722,0.314,333,492,0.677,306,1096,347,176,75,337,511
Maryland-Eastern Shore,32,9,23,0.281,-17.68,-8.54,,5,9,,6,4,,2,18,,2060,2265,,1305,754,1726,0.437,226,684,0.33,531,718,0.74,345,1029,416,288,95,384,531
Massachusetts,33,17,16,0.515,-2.4,-3.5,,7,11,,11,5,,2,8,,2648,2562,,1350,851,1881,0.452,261,806,0.324,599,823,0.728,283,1057,498,247,99,406,625
Massachusetts-Lowell,33,15,18,0.455,-14.32,-8.62,,9,7,,10,4,,5,14,,2471,2518,,1320,940,2030,0.463,248,735,0.337,390,544,0.717,327,1088,446,262,133,329,556
McNeese,34,28,6,0.824,7.65,-1.54,,19,3,,14,0,,9,5,,2709,2271,,1375,734,1792,0.41,278,855,0.325,525,721,0.728,394,1151,414,152,84,572,596
Memphis,32,13,19,0.406,3.82,5.29,,8,10,,10,6,,3,10,,2407,2454,,1290,804,1908,0.421,252,825,0.305,592,809,0.732,421,1190,440,260,135,427,582
Mercer,32,19,13,0.594,-3.04,-5.39,,11,7,,14,1,,5,11,,2646,2416,,1280,857,1987,0.431,281,827,0.34,421,562,0.749,391,1164,397,197,100,406,604
Mercyhurst,34,17,17,0.5,-10.04,-9.63,,10,8,,12,3,,5,14,,2358,2291,,1381,790,1794,0.44,197,611,0.322,514,745,0.69,328,1173,408,173,84,431,517
Merrimack,34,23,11,0.676,-4.35,-6.41,,17,3,,11,0,,9,8,,2330,2260,,1375,782,1873,0.418,185,611,0.303,511,695,0.735,464,1299,445,158,127,446,565
Miami (FL) ,35,26,9,0.743,17.69,7.44,,13,5,,15,3,,8,2,,2853,2494,,1400,889,2001,0.444,293,818,0.358,421,591,0.712,306,1039,491,234,146,441,625
Miami (OH) ,34,32,2,0.941,5.62,-4.16,,18,0,,16,0,,14,0,,3047,2566,,1380,931,2118,0.44,257,789,0.326,447,605,0.739,359,1150,441,208,79,434,655
Michigan ,40,37,3,0.925,32.92,15.1,,19,1,,14,1,,11,0,,3493,2780,,1606,978,2563,0.382,330,1085,0.304,494,667,0.741,459,1274,457,254,120,434,778
Michigan State ,35,27,8,0.771,23.31,12.86,,15,5,,15,2,,6,4,,2758,2392,,1410,821,1990,0.413,303,919,0.33,447,601,0.744,275,990,470,228,106,351,655
Middle Tennessee,32,17,15,0.531,0.06,1.2,,11,9,,11,4,,5,8,,2414,2329,,1310,820,1859,0.441,214,651,0.329,475,643,0.739,315,1092,385,205,82,354,503
Milwaukee,32,12,20,0.375,-7.74,-2.48,,8,12,,8,6,,3,14,,2440,2548,,1280,890,1854,0.48,274,752,0.364,494,674,0.733,300,1096,500,183,115,358,554
Minnesota,33,15,18,0.455,9.72,8.84,,8,12,,13,4,,2,9,,2289,2260,,1335,819,1832,0.447,263,759,0.347,359,492,0.73,312,1073,495,184,110,354,556
Mississippi,35,15,20,0.429,10.81,11.04,,4,14,,7,9,,3,7,,2656,2664,,1425,885,2040,0.434,291,870,0.334,603,841,0.717,411,1300,508,208,108,400,608
Mississippi State,32,13,19,0.406,6.94,11.13,,5,13,,8,8,,4,6,,2484,2618,,1295,918,2075,0.442,278,819,0.339,504,670,0.752,381,1235,478,220,133,296,534
Mississippi Valley State,33,3,30,0.091,-28.67,-8.2,,2,16,,2,9,,1,18,,2120,2739,,1331,876,1853,0.473,289,784,0.369,698,928,0.752,379,1215,520,286,113,404,571
Missouri ,33,20,13,0.606,12.46,8.7,,10,8,,15,3,,5,7,,2615,2491,,1330,840,1928,0.436,305,829,0.368,506,684,0.74,367,1071,441,217,116,374,610
Missouri State,34,16,18,0.471,-2.81,-1.55,,8,12,,11,7,,3,10,,2551,2502,,1380,874,1926,0.454,229,677,0.338,525,740,0.709,356,1146,432,223,149,389,632
Monmouth,34,19,15,0.559,-2.41,-3.44,,11,7,,10,4,,6,9,,2471,2409,,1375,850,1959,0.434,257,754,0.341,452,623,0.726,384,1204,430,213,113,464,576
Montana,34,18,16,0.529,-2.76,-0.89,,10,8,,11,6,,5,9,,2627,2535,,1360,904,2101,0.43,256,808,0.317,471,665,0.708,355,1151,435,263,92,352,580
Montana State,32,18,14,0.563,0.69,-1.44,,12,6,,11,2,,6,11,,2493,2285,,1290,840,1867,0.45,211,634,0.333,394,517,0.762,285,1045,362,171,75,359,522
Morehead State,33,20,13,0.606,-11.52,-7.95,,15,5,,11,2,,7,10,,2484,2466,,1330,862,1979,0.436,267,771,0.346,475,668,0.711,408,1117,478,227,114,362,608
Morgan State,30,14,16,0.467,-19.41,-11.08,,10,4,,9,6,,5,9,,2258,2347,,1207,791,1721,0.46,173,550,0.315,592,861,0.688,352,1103,442,197,108,363,581
Mount St. Mary's,32,15,17,0.469,-10.4,-7.27,,11,9,,8,5,,7,11,,2178,2244,,1285,732,1847,0.396,271,832,0.326,509,675,0.754,347,1068,393,275,84,351,498
Murray State,33,20,13,0.606,3.25,0.37,,12,8,,12,3,,5,7,,2742,2647,,1320,982,2070,0.474,205,567,0.362,478,666,0.718,371,1159,433,227,90,376,652
Navy,34,26,8,0.765,-1.1,-9.54,,17,1,,15,2,,10,5,,2537,2187,,1375,777,1908,0.407,263,885,0.297,370,492,0.752,319,1046,410,208,94,421,647
NC State,34,20,14,0.588,17.43,10.52,,10,8,,11,6,,6,4,,2828,2593,,1375,884,1976,0.447,315,887,0.355,510,730,0.699,369,1216,436,177,110,434,576
Nebraska,35,28,7,0.8,21.36,10.53,,15,5,,16,2,,7,3,,2694,2315,,1410,818,2021,0.405,309,1014,0.305,370,508,0.728,343,1198,500,179,93,446,535
Nevada,37,24,13,0.649,10.34,5.85,,12,8,,17,2,,4,9,,2813,2647,,1500,897,2039,0.44,291,863,0.337,562,793,0.709,339,1212,491,219,135,426,746
Nevada-Las Vegas,35,18,17,0.514,5.42,6.1,,11,9,,10,6,,7,7,,2761,2742,,1415,915,2013,0.455,259,738,0.351,653,900,0.726,389,1233,517,230,102,446,678
New Hampshire,30,9,21,0.3,-17.2,-7.48,,5,11,,8,5,,1,16,,2076,2238,,1230,788,1712,0.46,211,625,0.338,451,612,0.737,263,1110,378,182,113,338,490
New Haven,31,14,17,0.452,-13.86,-7.89,,9,9,,9,6,,5,11,,2013,2055,,1240,746,1676,0.445,215,636,0.338,348,461,0.755,256,1026,358,178,71,353,474
New Mexico,37,26,11,0.703,14.27,5.1,,13,7,,17,3,,7,5,,3004,2624,,1480,896,2138,0.419,309,1023,0.302,523,715,0.731,363,1272,492,226,118,502,700
New Mexico State,32,16,16,0.5,-1.38,-1.45,,8,12,,10,5,,3,8,,2403,2303,,1295,747,1820,0.41,237,762,0.311,572,793,0.721,349,1144,357,193,107,355,546
New Orleans,33,15,18,0.455,-4.21,-1.06,,12,10,,5,6,,9,11,,2459,2563,,1330,862,2028,0.425,264,815,0.324,575,802,0.717,440,1161,520,257,118,344,683
Niagara,30,8,22,0.267,-16.33,-7.92,,5,15,,6,7,,2,14,,1916,2137,,1205,744,1628,0.457,229,658,0.348,420,540,0.778,306,1008,390,200,88,319,455
Nicholls State,33,14,19,0.424,-7.07,-2.35,,12,10,,6,6,,7,12,,2388,2471,,1320,855,1808,0.473,240,696,0.345,521,668,0.78,338,1180,480,207,106,477,553
NJIT,33,16,17,0.485,-15.99,-8.49,,10,6,,8,6,,8,11,,2212,2417,,1322,833,1922,0.433,254,780,0.326,497,716,0.694,378,1253,437,212,101,377,550
Norfolk State,32,15,17,0.469,-13.73,-10.7,,8,6,,9,4,,5,10,,2445,2362,,1280,781,1768,0.442,244,751,0.325,556,770,0.722,324,1050,452,225,123,436,596
North Alabama,30,9,21,0.3,-15.97,-5.82,,4,14,,5,8,,4,12,,2082,2328,,1210,827,1748,0.473,275,757,0.363,399,522,0.764,306,1025,461,218,106,297,530
North Carolina,33,24,9,0.727,18.55,10.46,,12,6,,18,0,,4,6,,2631,2364,,1325,874,2085,0.419,268,772,0.347,348,497,0.7,348,1134,418,189,103,310,601
North Carolina A&T,30,11,19,0.367,-9.81,-5.2,,4,14,,6,6,,4,11,,2252,2335,,1205,814,1793,0.454,248,681,0.364,459,664,0.691,308,992,467,203,89,299,603
North Carolina Central,32,14,18,0.438,-18.33,-8.69,,8,6,,8,5,,4,12,,2299,2415,,1285,833,1813,0.459,261,736,0.355,488,684,0.713,414,1178,478,200,135,476,567
North Dakota,35,18,17,0.514,-9.33,-3.92,,10,6,,9,7,,7,8,,2680,2705,,1410,915,1912,0.479,296,819,0.361,579,825,0.702,349,1264,540,181,108,502,639
North Dakota State,35,27,8,0.771,1.98,-5.27,,14,2,,13,1,,10,5,,2812,2458,,1420,875,1980,0.442,294,869,0.338,414,555,0.746,288,1111,482,225,109,478,557
North Florida,32,7,25,0.219,-15.72,-3.29,,5,13,,5,8,,2,14,,2547,2821,,1285,1037,2122,0.489,290,829,0.35,457,649,0.704,431,1251,535,251,114,321,515
North Texas,33,19,14,0.576,1.98,1.04,,9,9,,12,5,,5,7,,2341,2225,,1350,735,1743,0.422,206,673,0.306,549,773,0.71,364,1162,362,209,140,498,591
Northeastern,31,7,24,0.226,-9.18,-3.12,,2,16,,2,10,,3,13,,2322,2510,,1245,874,1745,0.501,220,614,0.358,540,731,0.739,295,1084,439,201,110,364,504
Northern Arizona,32,10,22,0.313,-11.12,-1.6,,4,14,,9,7,,1,13,,2282,2445,,1280,877,1818,0.482,275,720,0.382,416,573,0.726,332,1125,435,181,93,373,529
Northern Colorado,32,20,12,0.625,-0.13,-2.89,,10,8,,11,3,,8,7,,2640,2449,,1300,856,1921,0.446,203,673,0.302,534,704,0.759,271,1023,317,194,79,298,490
Northern Illinois,30,9,21,0.3,-15.1,-2.57,,4,14,,6,7,,3,14,,2086,2334,,1200,822,1710,0.481,233,661,0.352,457,628,0.728,279,1017,441,242,130,350,538
Northern Iowa,36,23,13,0.639,7.84,1.78,,11,9,,12,5,,6,6,,2500,2223,,1450,793,1941,0.409,234,814,0.287,403,562,0.717,322,1201,391,205,97,424,519
Northern Kentucky,34,20,14,0.588,-2.63,-4.85,,10,10,,12,5,,7,8,,2827,2634,,1370,926,2020,0.458,277,783,0.354,505,709,0.712,365,1184,480,220,84,468,652
Northwestern,34,15,19,0.441,12.3,11.13,,5,15,,9,7,,3,8,,2487,2447,,1365,848,1916,0.443,257,770,0.334,494,667,0.741,387,1177,541,163,82,391,554
Northwestern State,32,10,22,0.313,-9.55,-2.72,,8,14,,8,6,,2,15,,2185,2317,,1285,818,1782,0.459,239,673,0.355,442,635,0.696,339,1099,425,220,106,362,599
Notre Dame,31,13,18,0.419,8.5,9.37,,4,14,,10,7,,2,9,,2308,2335,,1260,784,1785,0.439,281,846,0.332,486,646,0.752,288,1043,434,192,89,293,560
Oakland,32,16,16,0.5,-1.54,-0.32,,12,8,,7,6,,8,9,,2642,2614,,1280,978,2073,0.472,293,862,0.34,365,504,0.724,395,1163,643,176,148,359,602
Ohio,32,15,17,0.469,-4.96,-1.66,,9,9,,10,6,,4,8,,2492,2515,,1290,879,1905,0.461,238,656,0.363,519,713,0.728,357,1156,427,192,86,378,616
Ohio State ,34,21,13,0.618,18.66,11.92,,12,8,,14,3,,5,6,,2697,2468,,1375,857,1956,0.438,251,788,0.319,503,679,0.741,350,1067,457,185,102,357,636
Oklahoma,37,21,16,0.568,14.73,9.27,,7,11,,11,5,,4,7,,3067,2865,,1500,986,2233,0.442,307,901,0.341,586,780,0.751,441,1297,495,211,129,397,652
Oklahoma State,35,20,15,0.571,10.66,10.01,,6,12,,15,6,,2,7,,2935,2912,,1415,1028,2267,0.453,351,974,0.36,505,713,0.708,407,1300,580,239,146,408,647
Old Dominion,33,12,21,0.364,-7.44,-4.44,,7,11,,7,6,,4,14,,2514,2570,,1330,869,1960,0.443,228,711,0.321,604,816,0.74,357,1229,447,213,137,340,574
Omaha,33,16,17,0.485,-7.67,-3.91,,8,8,,10,4,,5,10,,2507,2522,,1325,882,1980,0.445,302,927,0.326,456,624,0.731,327,1127,472,206,108,327,562
Oral Roberts,33,10,23,0.303,-10.5,-2.6,,4,12,,7,8,,1,13,,2420,2558,,1330,888,1957,0.454,257,722,0.356,525,754,0.696,358,1170,408,253,102,360,575
Oregon,32,12,20,0.375,8.62,11.72,,5,15,,10,7,,2,8,,2267,2366,,1285,817,1863,0.439,262,785,0.334,470,597,0.787,354,1103,432,220,99,336,529
Oregon State,33,17,16,0.515,0.4,3.43,,9,9,,12,5,,4,7,,2347,2447,,1340,840,1931,0.435,264,802,0.329,503,678,0.742,372,1149,468,238,91,340,653
Pacific,33,18,15,0.545,3.99,2.47,,8,10,,11,3,,4,11,,2399,2271,,1325,771,1825,0.422,266,775,0.343,463,659,0.703,287,980,384,213,122,340,515
Penn State,32,12,20,0.375,3.73,9.39,,3,17,,9,8,,2,9,,2358,2539,,1280,920,1840,0.5,310,799,0.388,389,506,0.769,299,1059,556,186,109,382,540
Pennsylvania ,30,18,12,0.6,-1.04,-1.01,,9,5,,12,2,,4,8,,2277,2231,,1210,828,1828,0.453,235,729,0.322,340,505,0.673,331,1095,442,180,111,366,559
Pepperdine,32,9,23,0.281,-6.26,3.05,,4,14,,7,10,,2,11,,2312,2546,,1290,927,1975,0.469,288,803,0.359,404,559,0.723,367,1149,515,244,119,369,586
Pittsburgh,33,13,20,0.394,8.06,9.36,,5,13,,8,10,,3,8,,2327,2370,,1330,838,1816,0.461,262,744,0.352,432,562,0.769,292,1055,434,203,100,348,524
Portland,34,15,19,0.441,-2.52,3.51,,6,12,,12,6,,1,12,,2530,2669,,1370,914,2063,0.443,346,958,0.361,495,663,0.747,379,1157,611,254,79,409,611
Portland State,31,20,11,0.645,-0.34,-3.05,,13,5,,11,3,,8,7,,2376,2179,,1250,713,1709,0.417,220,683,0.322,533,720,0.74,275,1015,376,197,83,397,552
Prairie View A&M ,37,19,18,0.514,-13.16,-9.1,,9,9,,10,3,,3,13,,2883,2831,,1485,968,2193,0.441,255,760,0.336,640,889,0.72,447,1413,474,236,121,558,747
Presbyterian,33,15,18,0.455,-8.47,-5.37,,7,9,,10,4,,3,13,,2388,2382,,1335,832,1876,0.443,236,675,0.35,482,697,0.692,333,1040,404,230,104,357,579
Princeton,29,9,20,0.31,-7.21,-2.24,,5,9,,8,4,,1,12,,1989,2087,,1170,739,1639,0.451,213,683,0.312,396,547,0.724,271,974,370,192,89,272,473
Providence,33,15,18,0.455,10.67,9.36,,7,13,,10,6,,3,8,,2815,2772,,1355,978,2194,0.446,298,845,0.353,518,718,0.721,405,1186,535,254,105,321,615
Purdue ,39,30,9,0.769,25.08,13.98,,13,7,,12,5,,8,3,,3184,2751,,1565,1002,2233,0.449,334,979,0.341,413,570,0.725,347,1115,573,205,89,391,652
Purdue Fort Wayne,32,17,15,0.531,-7.46,-2.9,,11,9,,11,4,,6,11,,2499,2467,,1280,885,1898,0.466,303,831,0.365,394,519,0.759,347,1177,488,160,87,442,515
Queens (NC),35,21,14,0.6,-3.75,-4.4,,13,5,,12,2,,6,10,,2957,2924,,1410,1011,2147,0.471,304,843,0.361,598,818,0.731,413,1243,486,227,105,382,659
Quinnipiac,32,19,13,0.594,-5.58,-7.13,,12,8,,10,5,,9,7,,2411,2303,,1290,821,1933,0.425,235,690,0.341,426,581,0.733,354,1128,430,207,147,394,523
Radford,32,16,16,0.5,-7.31,-6.38,,9,7,,12,5,,4,8,,2604,2523,,1300,871,1914,0.455,256,725,0.353,525,728,0.721,355,1180,466,233,102,445,639
Rhode Island,32,16,16,0.5,2.28,0.6,,7,11,,10,6,,4,7,,2236,2182,,1290,721,1668,0.432,240,692,0.347,500,710,0.704,333,1086,390,253,101,449,595
Rice,31,13,18,0.419,-4.54,0.22,,7,11,,8,8,,4,9,,2291,2311,,1260,792,1808,0.438,218,658,0.331,509,699,0.728,372,1137,373,235,109,347,539
Richmond,32,15,17,0.469,2.11,0.15,,5,13,,11,7,,3,8,,2455,2366,,1285,812,1836,0.442,272,840,0.324,470,657,0.715,341,1159,389,169,80,395,571
Rider,29,4,25,0.138,-19.19,-5.04,,3,17,,4,9,,0,16,,1840,2204,,1160,782,1676,0.467,251,672,0.374,389,545,0.714,320,1065,423,189,99,296,454
Robert Morris,33,22,11,0.667,-1.48,-4.9,,13,7,,14,3,,8,7,,2555,2379,,1345,802,1840,0.436,222,672,0.33,553,727,0.761,317,1008,419,234,111,372,543
Rutgers,34,14,20,0.412,4.4,9.2,,6,14,,10,7,,2,9,,2398,2561,,1376,907,1971,0.46,275,773,0.356,472,624,0.756,368,1230,531,190,130,392,610
Sacramento State,31,10,21,0.323,-8.18,-0.47,,6,12,,10,4,,0,16,,2408,2542,,1245,885,1928,0.459,285,838,0.34,487,671,0.726,360,1235,516,208,99,383,594
Sacred Heart,33,14,19,0.424,-11.38,-8.16,,9,11,,8,5,,5,13,,2482,2528,,1325,921,2021,0.456,308,880,0.35,378,542,0.697,358,1165,553,229,86,340,507
Saint Francis (PA),31,7,24,0.226,-19.09,-6.06,,5,13,,5,8,,2,14,,2216,2510,,1245,886,1801,0.492,268,729,0.368,470,659,0.713,321,1127,493,204,117,397,518
Saint Joseph's,36,24,12,0.667,2.97,1.71,,13,5,,13,3,,8,8,,2633,2529,,1445,917,2249,0.408,287,910,0.315,406,589,0.689,423,1298,475,247,127,368,541
Saint Louis ,35,29,6,0.829,17.64,2.76,,15,3,,19,0,,7,3,,3053,2466,,1400,815,2130,0.383,265,891,0.297,571,785,0.727,379,1148,418,254,125,406,572
Saint Mary's ,33,27,6,0.818,17.07,5.54,,16,2,,17,0,,8,2,,2552,2129,,1320,778,1914,0.406,218,703,0.31,355,493,0.72,286,962,413,183,108,340,598
Saint Peter's,29,17,12,0.586,-7.49,-7.63,,14,6,,13,1,,4,10,,2054,1984,,1170,643,1527,0.421,175,541,0.323,523,703,0.744,330,1004,345,177,102,398,510
Sam Houston,34,22,12,0.647,2.96,-0.14,,13,7,,13,1,,6,10,,2797,2554,,1360,885,2070,0.428,276,876,0.315,508,723,0.703,378,1159,446,224,109,388,584
Samford,32,18,14,0.563,-5.42,-6.25,,11,7,,11,3,,6,9,,2525,2409,,1295,855,1933,0.442,249,694,0.359,450,607,0.741,293,1138,394,169,98,295,625
San Diego,33,12,21,0.364,-3.83,2.21,,5,13,,9,8,,2,11,,2458,2570,,1335,903,1905,0.474,244,762,0.32,520,708,0.734,362,1179,516,235,109,440,528
San Diego State,33,22,11,0.667,13.58,8.08,,14,6,,14,2,,5,5,,2580,2342,,1345,756,1890,0.4,300,896,0.335,528,725,0.728,369,1123,439,223,78,472,589
San Francisco,33,17,16,0.515,4,3.84,,8,10,,9,6,,4,7,,2464,2414,,1330,873,1968,0.444,238,701,0.34,430,579,0.743,329,1107,459,206,89,323,632
San Jose State,33,9,24,0.273,-2.06,6.35,,3,17,,6,10,,1,12,,2376,2591,,1325,913,1849,0.494,259,725,0.357,506,648,0.781,350,1144,524,179,95,378,547
Santa Clara ,35,26,9,0.743,15.48,6.09,,15,3,,14,1,,8,3,,2901,2552,,1405,884,1954,0.452,247,753,0.328,537,732,0.734,370,1170,537,223,111,489,539
Seattle,35,21,14,0.6,4.59,2.71,,8,10,,14,4,,5,8,,2525,2354,,1406,822,1968,0.418,240,745,0.322,470,637,0.738,366,1267,442,231,111,518,613
Seton Hall,33,21,12,0.636,13.28,8.28,,10,10,,12,5,,6,5,,2321,2156,,1320,700,1732,0.404,237,731,0.324,519,729,0.712,360,1104,408,207,123,471,578
Siena ,35,23,12,0.657,-3.64,-8.18,,13,7,,9,4,,9,7,,2463,2304,,1405,829,1968,0.421,251,776,0.323,395,541,0.73,353,1118,400,229,126,383,573
South Alabama,33,21,12,0.636,-4.29,-6.22,,11,7,,10,4,,8,7,,2454,2312,,1345,769,1984,0.388,421,1288,0.327,353,482,0.732,384,1219,543,182,132,408,554
South Carolina,32,13,19,0.406,7.28,8.81,,4,14,,11,8,,2,8,,2398,2447,,1295,881,1921,0.459,219,688,0.318,466,653,0.714,353,1147,504,205,114,322,555
South Carolina State,32,10,22,0.313,-21.97,-8.81,,7,7,,6,5,,3,16,,2147,2522,,1280,824,1765,0.467,226,667,0.339,648,885,0.732,364,1119,475,242,108,431,624
South Carolina Upstate,32,13,19,0.406,-10.39,-5.7,,5,11,,10,5,,3,13,,2376,2357,,1300,828,1913,0.433,238,698,0.341,463,665,0.696,359,1188,367,234,131,389,555
South Dakota,32,16,16,0.5,-9.01,-5.29,,8,8,,12,5,,3,10,,2547,2566,,1300,963,1967,0.49,202,601,0.336,438,597,0.734,313,1103,412,225,108,373,654
South Dakota State,32,14,18,0.438,-3.5,-3.36,,7,9,,9,4,,4,9,,2413,2331,,1285,796,1843,0.432,295,870,0.339,444,603,0.736,272,1038,427,208,86,327,544
South Florida ,34,25,9,0.735,13.42,3.17,,15,3,,13,2,,9,3,,2974,2575,,1385,867,2085,0.416,285,828,0.344,556,798,0.697,423,1285,447,214,161,493,668
Southeast Missouri State,33,20,13,0.606,-7.19,-8.15,,14,6,,10,5,,8,7,,2460,2331,,1325,771,1813,0.425,192,597,0.322,597,814,0.733,305,1083,330,233,113,437,592
Southeastern Louisiana,31,9,22,0.29,-9.56,-3.1,,6,16,,5,7,,2,15,,2016,2184,,1245,741,1643,0.451,220,625,0.352,482,657,0.734,304,1072,397,211,95,397,561
Southern,34,17,17,0.5,-11.25,-7.22,,11,7,,8,4,,7,12,,2707,2650,,1375,888,1965,0.452,262,744,0.352,612,809,0.756,353,1199,475,220,135,498,643
Southern California,32,18,14,0.563,10.31,10.89,,7,13,,9,7,,5,6,,2515,2494,,1305,865,1992,0.434,255,808,0.316,509,658,0.774,369,1099,473,238,105,382,662
Southern Illinois,32,16,16,0.5,2.74,0.52,,10,10,,8,6,,7,8,,2336,2226,,1295,793,1876,0.423,235,779,0.302,405,590,0.686,318,1122,412,220,114,424,547
SIU Edwardsville,32,19,13,0.594,-8.8,-10.59,,12,8,,10,5,,8,7,,2271,2070,,1290,718,1817,0.395,208,698,0.298,426,605,0.704,359,1119,326,224,98,392,492
Southern Indiana,30,7,23,0.233,-16.58,-9.33,,4,16,,3,10,,4,11,,2061,2210,,1210,790,1791,0.441,167,491,0.34,463,634,0.73,364,1197,317,200,146,342,527
Southern Methodist ,34,20,14,0.588,16.08,9.96,,8,10,,15,3,,3,8,,2858,2650,,1370,913,2100,0.435,341,1001,0.341,483,674,0.717,399,1161,556,226,103,407,586
Southern Mississippi,35,19,16,0.543,-5.66,-4.79,,9,9,,10,3,,4,11,,2615,2585,,1410,861,1980,0.435,264,779,0.339,599,844,0.71,354,1171,406,246,146,435,678
Southern Utah,32,10,22,0.313,-9.43,-0.46,,6,12,,7,6,,2,15,,2442,2544,,1285,945,2041,0.463,215,594,0.362,439,617,0.712,373,1153,429,278,118,347,564
St. Bonaventure,34,17,17,0.5,2.26,1.53,,4,14,,9,7,,4,7,,2596,2532,,1370,880,1934,0.455,281,787,0.357,491,650,0.755,337,1090,493,215,113,402,537
St. John's (NY),37,30,7,0.811,22.65,11.38,,18,2,,15,2,,9,1,,2994,2577,,1485,928,2192,0.423,227,725,0.313,494,696,0.71,403,1282,432,224,148,500,736
St. Thomas,34,24,10,0.706,2.44,-5.37,,12,4,,14,1,,8,7,,2780,2433,,1360,867,2016,0.43,259,837,0.309,440,588,0.748,314,1146,469,178,90,403,597
Stanford,33,20,13,0.606,11.92,8.89,,9,9,,12,6,,5,5,,2508,2408,,1325,826,1816,0.455,200,607,0.329,556,732,0.76,318,1100,346,163,104,404,600
Stephen F. Austin,34,28,6,0.824,3.92,-4.33,,20,2,,15,1,,12,4,,2604,2265,,1365,815,1932,0.422,204,682,0.299,431,594,0.726,341,1141,378,182,121,404,513
Stetson,33,12,21,0.364,-12.95,-4.95,,7,11,,9,5,,2,14,,2431,2631,,1325,953,2000,0.477,282,819,0.344,441,597,0.739,349,1151,517,262,77,340,549
Stonehill,33,12,21,0.364,-14.82,-9.49,,8,10,,8,5,,4,15,,2191,2263,,1340,823,1972,0.417,217,655,0.331,400,599,0.668,323,1164,357,242,147,310,501
Stony Brook,32,17,15,0.531,-5.74,-3.98,,9,9,,12,4,,4,9,,2295,2277,,1295,787,1843,0.427,256,729,0.351,447,631,0.708,366,1201,421,217,120,384,500
Syracuse,32,15,17,0.469,9.75,9,,6,12,,12,6,,2,7,,2400,2376,,1305,846,1916,0.442,234,687,0.341,450,624,0.721,387,1183,448,220,93,385,579
Tarleton State,32,14,18,0.438,-4.99,-1.7,,5,13,,10,6,,4,11,,2385,2349,,1295,767,1709,0.449,235,689,0.341,580,798,0.727,347,1102,419,231,132,561,634
Temple,32,16,16,0.5,0.96,-0.85,,8,10,,10,6,,5,6,,2366,2264,,1285,798,1795,0.445,212,654,0.324,456,643,0.709,320,1074,394,171,130,328,586
Tennessee ,37,25,12,0.676,21.97,12.7,,11,7,,14,3,,5,5,,2917,2574,,1495,871,2127,0.409,291,953,0.305,541,773,0.7,379,1107,407,262,145,407,690
Tennessee State ,33,23,10,0.697,-4.94,-7.81,,15,5,,10,2,,10,7,,2651,2455,,1325,847,1895,0.447,232,698,0.332,529,737,0.718,335,1120,428,249,108,480,555
Tennessee Tech,31,13,18,0.419,-13.61,-8.25,,8,12,,8,6,,5,12,,2272,2308,,1240,827,1882,0.439,238,689,0.345,416,564,0.738,335,1050,429,239,113,342,521
Tennessee-Martin,33,22,11,0.667,-6.28,-9.41,,13,7,,12,3,,8,6,,2303,2085,,1325,717,1840,0.39,216,740,0.292,435,628,0.693,372,1102,388,298,105,455,574
Texas ,36,21,15,0.583,16.82,11.22,,9,9,,12,5,,4,6,,2979,2742,,1450,941,2101,0.448,241,694,0.347,619,835,0.741,331,1099,430,237,130,327,746
Texas A&M ,34,22,12,0.647,16.17,9.02,,11,7,,14,4,,6,5,,2927,2684,,1390,926,2102,0.441,279,878,0.318,553,743,0.744,423,1292,516,221,137,459,627
Texas A&M-Corpus Christi,33,18,15,0.545,-2.78,-1.92,,13,9,,10,5,,7,9,,2393,2234,,1325,744,1739,0.428,187,619,0.302,559,792,0.706,303,1055,360,240,129,450,602
Texas Christian ,35,23,12,0.657,15.25,9.97,,11,7,,14,5,,5,5,,2708,2523,,1415,907,2026,0.448,260,776,0.335,449,617,0.728,338,1179,557,214,132,481,653
Texas Southern,30,12,18,0.4,-14.44,-8.37,,10,8,,9,5,,3,12,,2251,2339,,1221,774,1756,0.441,250,748,0.334,541,766,0.706,325,1071,417,238,95,373,550
Texas State,32,19,13,0.594,-7.49,-6.92,,11,7,,16,1,,3,9,,2365,2271,,1295,780,1757,0.444,230,664,0.346,481,684,0.703,299,988,342,252,136,418,522
Texas Tech ,34,23,11,0.676,21.03,13.86,,12,6,,14,2,,5,5,,2729,2485,,1365,900,2050,0.439,236,735,0.321,449,643,0.698,379,1162,388,206,83,343,551
Texas-Rio Grande Valley,33,19,14,0.576,0.72,-2.41,,14,8,,10,5,,8,8,,2505,2293,,1335,786,1899,0.414,222,733,0.303,499,720,0.693,379,1127,454,212,103,366,521
The Citadel,33,11,22,0.333,-16.68,-6.08,,7,11,,7,8,,3,12,,2322,2558,,1345,921,1891,0.487,300,824,0.364,416,610,0.682,329,1184,475,200,102,332,496
Toledo,34,19,15,0.559,0.52,-1.83,,11,7,,11,4,,5,9,,2755,2603,,1360,979,2087,0.469,282,831,0.339,363,534,0.68,391,1188,500,210,116,426,558
Towson,34,19,15,0.559,-1.09,-1.72,,9,9,,11,3,,3,10,,2354,2248,,1365,808,1947,0.415,250,812,0.308,382,549,0.696,342,1140,376,168,96,339,501
Troy ,34,22,12,0.647,-1.2,-3.98,,12,6,,10,3,,9,7,,2696,2488,,1410,893,2061,0.433,253,803,0.315,449,639,0.703,391,1184,449,239,122,426,568
Tulane,33,18,15,0.545,-2.6,1.03,,8,10,,10,8,,6,4,,2389,2493,,1330,853,1946,0.438,266,776,0.343,521,733,0.711,418,1293,473,203,107,392,605
Tulsa,38,30,8,0.789,11.45,2.01,,13,5,,16,2,,8,4,,3233,2799,,1545,987,2326,0.424,302,947,0.319,521,718,0.726,404,1256,482,247,112,407,712
UAB,32,20,12,0.625,3.5,-0.31,,11,7,,8,9,,10,2,,2535,2361,,1295,854,1978,0.432,254,787,0.323,399,553,0.722,324,1162,430,183,140,379,554
UC Davis,33,19,14,0.576,-1.42,-1.46,,11,9,,12,4,,6,9,,2562,2478,,1330,842,1880,0.448,243,723,0.336,551,751,0.734,338,1177,439,215,107,492,669
UC Irvine,35,23,12,0.657,3.29,-1.53,,15,5,,12,5,,7,5,,2704,2402,,1415,856,2205,0.388,282,844,0.334,408,582,0.701,438,1282,464,232,135,479,635
UC Riverside,32,10,22,0.313,-8.1,-0.63,,5,15,,7,7,,3,15,,2334,2492,,1280,887,1883,0.471,198,587,0.337,520,738,0.705,329,1139,439,223,96,357,548
UC San Diego,34,23,11,0.676,2,-2,,12,8,,10,5,,8,5,,2573,2390,,1360,845,2026,0.417,283,884,0.32,417,580,0.719,337,1210,475,207,115,407,558
UC Santa Barbara,32,18,14,0.563,0.83,-2.13,,11,9,,11,4,,5,8,,2483,2328,,1300,805,1742,0.462,208,618,0.337,510,707,0.721,258,967,394,227,97,379,582
UCF ,33,21,12,0.636,12.95,10.65,,9,9,,13,5,,5,5,,2662,2586,,1330,902,1986,0.454,265,782,0.339,515,694,0.742,332,1113,460,203,128,368,567
UCLA ,36,24,12,0.667,17.64,11.61,,13,7,,17,1,,4,6,,2775,2558,,1455,874,2022,0.432,290,905,0.32,520,696,0.747,400,1204,553,174,110,442,640
UNC Ashville,32,15,17,0.469,-6.27,-3.99,,8,8,,9,7,,4,9,,2349,2334,,1295,818,1842,0.444,225,688,0.327,473,696,0.68,337,1075,391,204,87,349,603
UNC Greensboro,34,15,19,0.441,-11.45,-6.17,,9,9,,8,6,,4,9,,2673,2736,,1375,969,2094,0.463,361,971,0.372,437,617,0.708,334,1186,485,202,104,322,634
UNC Wilmington,34,27,7,0.794,1.99,-4.51,,15,3,,15,4,,12,2,,2594,2313,,1360,804,1970,0.408,249,836,0.298,456,618,0.738,336,1140,382,175,97,347,633
UT Arlington,32,18,14,0.563,-1.92,-1.88,,9,9,,9,4,,8,8,,2240,2134,,1295,742,1762,0.421,149,558,0.267,501,716,0.7,324,1017,364,240,109,403,589
Utah,32,10,22,0.313,5.81,10.56,,2,16,,8,9,,1,10,,2379,2531,,1285,940,1958,0.48,232,661,0.351,419,586,0.715,348,1121,453,191,140,291,499
Utah State ,36,29,7,0.806,17.57,7.4,,15,5,,14,1,,7,5,,2958,2546,,1445,850,2007,0.424,280,814,0.344,566,782,0.724,406,1198,424,200,118,503,647
Utah Tech,34,19,15,0.559,-3.77,-1.51,,11,7,,11,3,,6,10,,2612,2548,,1395,922,2081,0.443,212,702,0.302,492,683,0.72,411,1220,440,236,86,422,579
Utah Valley,34,25,9,0.735,5.24,-1.63,,14,4,,15,1,,6,7,,2724,2338,,1375,794,1905,0.417,226,661,0.342,524,722,0.726,366,1070,424,277,98,518,620
UTEP,31,11,20,0.355,-6.8,-0.55,,7,13,,9,7,,2,11,,2149,2244,,1255,755,1692,0.446,217,634,0.342,517,730,0.708,339,1125,405,204,88,393,502
UTSA,30,5,25,0.167,-14.26,1.38,,1,17,,2,12,,2,12,,2084,2422,,1200,846,1895,0.446,279,825,0.338,451,634,0.711,420,1245,471,241,135,325,460
Valparaiso,33,18,15,0.545,-0.44,0.25,,11,9,,13,4,,4,10,,2376,2358,,1345,836,1882,0.444,221,690,0.32,465,652,0.713,340,1156,409,165,100,382,629
Vanderbilt ,36,27,9,0.75,22.23,11.48,,11,7,,13,3,,8,4,,3086,2699,,1450,904,2113,0.428,261,800,0.326,630,835,0.754,407,1254,424,190,90,452,686
Vermont,34,22,12,0.647,-7.02,-10.39,,12,4,,13,3,,8,7,,2496,2330,,1375,785,1837,0.427,268,761,0.352,492,666,0.739,255,1061,385,186,85,328,563
Villanova ,33,24,9,0.727,15.9,10.02,,15,5,,13,3,,9,3,,2545,2351,,1335,855,1888,0.453,232,694,0.334,409,567,0.721,350,1147,463,168,78,412,544
Virginia ,36,30,6,0.833,20.61,9,,15,3,,16,1,,8,2,,2896,2478,,1465,846,2127,0.398,254,805,0.316,532,700,0.76,398,1177,431,233,116,376,627
Virginia Commonwealth ,36,28,8,0.778,13.17,4.11,,15,3,,15,2,,7,3,,2910,2584,,1445,921,2132,0.432,247,748,0.33,495,700,0.707,393,1255,468,226,107,424,713
VMI,32,6,26,0.188,-20.9,-6.21,,1,17,,5,9,,1,14,,2303,2560,,1280,899,1937,0.464,306,871,0.351,456,629,0.725,393,1294,564,177,88,353,506
Virginia Tech,32,19,13,0.594,12.75,8.84,,8,10,,14,3,,3,7,,2521,2396,,1315,872,1947,0.448,236,771,0.306,416,560,0.743,367,1121,410,175,109,385,576
Wagner,31,14,17,0.452,-11.99,-8.88,,8,10,,8,5,,6,12,,2210,2222,,1265,764,1770,0.432,216,648,0.333,478,667,0.717,312,1032,413,226,116,322,504
Wake Forest,35,18,17,0.514,11.73,9.84,,7,11,,13,7,,2,7,,2759,2693,,1415,914,2071,0.441,318,966,0.329,547,739,0.74,399,1222,520,218,97,434,633
Washington,33,16,17,0.485,13.88,10.4,,7,13,,10,6,,4,9,,2545,2430,,1335,866,1980,0.437,254,756,0.336,444,614,0.723,333,1075,425,187,116,325,539
Washington State,32,12,20,0.375,3.09,4.7,,7,11,,9,6,,1,11,,2435,2480,,1280,881,1903,0.463,245,697,0.352,473,633,0.747,304,1032,432,228,94,323,535
Weber State,32,16,16,0.5,-3.2,-2.96,,10,8,,11,5,,5,10,,2598,2474,,1295,878,1880,0.467,239,749,0.319,479,661,0.725,286,1050,441,199,135,379,587
West Georgia,32,15,17,0.469,-11.31,-6.14,,8,10,,10,5,,4,11,,2450,2547,,1295,903,1948,0.464,240,725,0.331,501,685,0.731,330,1152,458,211,75,339,541
West Virginia,35,21,14,0.6,13.19,8.31,,9,9,,15,3,,3,6,,2472,2301,,1425,816,1944,0.42,255,744,0.343,414,569,0.728,341,1168,443,220,126,406,564
Western Carolina,31,15,16,0.484,-6.61,-3.92,,10,8,,10,3,,4,12,,2432,2397,,1250,813,1765,0.461,275,760,0.362,496,677,0.733,264,1003,389,189,84,331,478
Western Illinois,31,5,26,0.161,-23.76,-8.48,,1,19,,4,11,,1,15,,2011,2381,,1245,864,1822,0.474,231,654,0.353,422,601,0.702,337,1127,434,209,126,322,528
Western Kentucky,32,18,14,0.563,0.35,-0.58,,11,9,,12,4,,5,7,,2537,2436,,1290,796,1838,0.433,264,780,0.338,580,836,0.694,344,1199,459,194,143,399,604
Western Michigan,31,10,21,0.323,-8.59,-2.42,,4,14,,7,8,,3,13,,2318,2464,,1245,849,1843,0.461,287,806,0.356,479,686,0.698,318,1072,464,207,140,306,536
Wichita State,36,24,12,0.667,9.47,2.67,,13,5,,15,3,,8,5,,2811,2547,,1470,900,2150,0.419,237,747,0.317,510,724,0.704,393,1236,399,221,122,391,642
William & Mary,32,20,12,0.625,-0.33,-2.97,,10,8,,11,2,,6,9,,2660,2487,,1280,857,1969,0.435,293,893,0.328,480,679,0.707,372,1145,461,234,103,453,669
Winthrop,34,23,11,0.676,-0.82,-4.59,,13,3,,13,1,,7,9,,2844,2566,,1365,870,2021,0.43,280,871,0.321,546,750,0.728,334,1195,394,198,126,420,762
Wisconsin ,35,24,11,0.686,18.88,12.02,,14,6,,15,2,,6,4,,2904,2664,,1420,954,2141,0.446,291,870,0.334,465,639,0.728,348,1222,485,161,130,349,606
Wofford,32,19,13,0.594,-7.53,-7.33,,11,7,,10,5,,9,7,,2520,2468,,1285,857,1837,0.467,255,703,0.363,499,655,0.762,304,1091,424,184,100,340,548
Wright State ,35,23,12,0.657,0.25,-3.9,,15,5,,11,5,,9,5,,2818,2579,,1405,925,2017,0.459,237,704,0.337,492,672,0.732,335,1102,415,238,121,421,640
Wyoming,33,18,15,0.545,7.34,4.09,,9,11,,14,4,,3,10,,2537,2409,,1320,810,1765,0.459,212,649,0.327,577,825,0.699,300,1051,364,187,119,375,605
Xavier,33,15,18,0.455,7.75,10.02,,6,14,,12,6,,1,10,,2586,2661,,1330,968,2028,0.477,260,748,0.348,465,661,0.703,337,1248,613,194,126,367,517
Yale,31,24,7,0.774,5.69,-2.62,,11,3,,10,3,,9,3,,2520,2197,,1255,787,1826,0.431,289,829,0.349,334,464,0.72,315,972,420,159,104,343,552
Youngstown State,32,15,17,0.469,-4.62,-4.82,,8,12,,10,5,,4,11,,2495,2338,,1285,834,1851,0.451,216,621,0.348,454,613,0.741,329,1062,393,227,90,403,533
