Team, Conference, Net, AdjOff, AdjDef, AdjPace, NetSOS, OffSOS, DefSOS
Michigan,Big Ten,45.07,134.36,89.3,71.25,19.31,121.41,102.1
Duke,ACC,42.35,131.06,88.7,66.62,15.32,118.44,103.12
Illinois,Big Ten,40.86,138.72,97.86,65.38,15.37,118.85,103.47
Arizona,Big 12,39.9,129.77,89.87,70.72,16.48,119.7,103.22
Iowa State,Big 12,36.99,127.37,90.37,67.88,12.17,116.35,104.18
Purdue,Big Ten,36.62,136.34,99.71,64.41,18.58,121.17,102.59
Florida,SEC,36.3,127.88,91.58,70.68,15.32,120.13,104.81
Houston,Big 12,34.91,124.45,89.54,64.11,14.73,118.79,104.06
Gonzaga,WCC,32.93,123.43,90.5,69.22,6.55,114.32,107.77
Michigan State,Big Ten,32.0,125.86,93.85,66.77,15.86,120.14,104.28
UConn,Big East,31.79,125.47,93.68,64.72,14.66,117.82,103.16
Vanderbilt,SEC,31.31,129.84,98.54,68.83,15.56,119.83,104.27
Alabama,SEC,31.13,132.34,101.2,73.71,18.96,121.92,102.96
Arkansas,SEC,30.35,132.75,102.4,71.7,16.3,120.55,104.24
Virginia,ACC,30.15,127.06,96.91,65.89,10.33,116.59,106.26
St. John's,Big East,30.01,124.21,94.2,69.53,14.76,117.44,102.68
Texas Tech,Big 12,29.86,127.54,97.68,66.86,18.94,121.17,102.23
Louisville,ACC,29.84,125.79,95.95,70.07,13.49,117.22,103.73
Nebraska,Big Ten,29.45,121.87,92.42,66.97,15.14,119.82,104.68
Tennessee,SEC,29.19,123.74,94.55,66.14,17.49,121.5,104.01
BYU,Big 12,28.15,127.77,99.62,70.42,15.78,118.57,102.78
Iowa,Big Ten,27.72,127.41,99.69,63.26,14.49,118.42,103.93
Kansas,Big 12,27.48,120.67,93.19,68.21,18.4,119.24,100.84
Ohio State,Big Ten,26.65,128.5,101.86,66.31,15.12,118.64,103.52
Wisconsin,Big Ten,26.08,129.45,103.38,68.76,15.23,119.16,103.93
UCLA,Big Ten,24.92,125.15,100.23,65.0,14.26,118.53,104.27
Georgia,SEC,24.66,127.67,103.01,72.35,10.44,116.94,106.51
North Carolina,ACC,24.59,123.19,98.6,68.27,14.81,118.16,103.36
Utah State,Mountain West,24.27,126.95,102.68,67.44,9.18,115.13,105.95
Kentucky,SEC,23.75,121.97,98.22,69.05,15.65,119.74,104.09
Saint Mary's,WCC,23.63,120.84,97.21,65.38,5.65,113.0,107.35
Texas,SEC,23.37,128.78,105.41,66.93,15.19,119.64,104.45
Miami,ACC,23.26,122.28,99.02,68.32,8.52,115.51,106.99
NC State,ACC,22.9,126.38,103.48,69.47,13.54,118.18,104.64
SMU,ACC,22.89,126.05,103.16,69.09,11.57,116.84,105.28
Auburn,SEC,22.7,128.62,105.93,67.53,15.83,119.96,104.13
Indiana,Big Ten,22.23,123.82,101.58,66.47,12.75,117.47,104.72
Clemson,ACC,22.07,120.17,98.09,64.23,10.67,116.01,105.34
Villanova,Big East,21.37,122.48,101.12,65.82,12.43,117.24,104.82
Santa Clara,WCC,21.11,124.46,103.35,69.62,7.02,113.11,106.08
Saint Louis,A-10,20.85,120.05,99.2,71.75,1.09,110.1,109.01
Texas A&M,SEC,20.69,124.36,103.67,71.11,10.65,117.73,107.08
Baylor,Big 12,20.27,125.53,105.26,68.15,15.16,117.7,102.54
Oklahoma,SEC,19.38,126.27,106.88,67.13,10.81,117.14,106.33
Washington,Big Ten,19.05,120.39,101.34,67.47,13.46,118.47,105.01
Cincinnati,Big 12,18.74,112.17,93.43,67.99,10.9,115.66,104.76
TCU,Big 12,18.72,119.44,100.72,67.61,11.05,116.05,104.99
New Mexico,Mountain West,18.66,118.82,100.16,70.28,4.66,112.49,107.83
San Diego State,Mountain West,17.69,116.0,98.31,69.27,9.39,115.62,106.23
South Florida,American,17.41,120.54,103.13,72.21,2.3,111.53,109.23
Boise State,Mountain West,16.9,124.87,107.97,65.58,9.12,115.5,106.38
VCU,A-10,16.88,118.92,102.05,69.2,4.25,111.99,107.74
Seton Hall,Big East,16.86,110.67,93.81,65.89,9.74,115.58,105.84
Northwestern,Big Ten,16.56,119.45,102.89,65.36,14.9,119.59,104.68
LSU,SEC,16.54,123.45,106.92,67.44,11.41,117.45,106.03
West Virginia,Big 12,16.23,115.42,99.19,63.53,9.63,115.24,105.61
UCF,Big 12,15.55,122.18,106.63,69.46,12.41,115.97,103.56
Virginia Tech,ACC,15.51,120.94,105.43,67.51,8.99,115.49,106.5
Wake Forest,ACC,15.49,119.6,104.12,69.28,11.25,116.48,105.24
Missouri,SEC,15.1,120.3,105.2,66.53,10.58,117.58,107.0
Stanford,ACC,15.06,118.99,103.93,68.01,10.15,114.53,104.38
California,ACC,14.95,116.66,101.71,68.61,6.42,113.46,107.04
Colorado,Big 12,14.36,121.27,106.91,68.85,11.96,116.88,104.92
Providence,Big East,14.23,125.87,111.65,71.95,11.05,114.97,103.91
Oklahoma State,Big 12,14.0,121.13,107.13,72.84,12.16,116.38,104.22
Tulsa,American,13.76,123.04,109.29,68.47,1.7,110.84,109.15
Butler,Big East,13.69,119.75,106.06,69.25,9.55,114.85,105.31
Florida State,ACC,13.34,117.27,103.93,71.28,10.48,115.79,105.31
Ole Miss,SEC,13.12,116.55,103.43,66.93,14.64,120.15,105.51
Grand Canyon,Mountain West,13.05,111.7,98.65,68.6,2.59,111.97,109.38
USC,Big Ten,12.67,116.53,103.86,71.04,13.96,118.81,104.84
Arizona State,Big 12,12.29,115.68,103.39,70.15,15.04,118.86,103.82
Creighton,Big East,12.16,116.98,104.82,68.36,13.9,116.39,102.49
Nevada,Mountain West,11.98,116.16,104.18,67.0,6.54,113.8,107.26
Dayton,A-10,11.69,112.05,100.37,67.41,3.19,111.79,108.6
Wichita State,American,11.64,114.48,102.84,67.71,1.12,111.69,110.57
Minnesota,Big Ten,11.24,113.05,101.81,63.58,10.49,117.39,106.9
Marquette,Big East,11.14,112.64,101.5,69.99,11.94,117.21,105.27
Oregon,Big Ten,10.35,114.3,103.95,66.69,15.34,118.87,103.53
Syracuse,ACC,10.27,115.88,105.6,68.4,10.78,115.05,104.27
Northern Iowa,MVC,10.23,108.92,98.69,63.17,1.16,110.23,109.07
George Washington,A-10,9.97,116.33,106.36,69.99,1.63,110.02,108.39
Kansas State,Big 12,9.94,115.62,105.68,72.66,12.75,117.16,104.41
Xavier,Big East,9.84,118.48,108.64,70.75,11.43,115.07,103.64
McNeese,Southland,9.78,115.0,105.22,66.76,-4.52,106.64,111.16
Belmont,MVC,9.76,118.53,108.77,69.71,-3.0,107.45,110.45
Georgetown,Big East,9.75,115.29,105.54,66.53,9.03,114.14,105.11
Colorado State,Mountain West,9.73,117.81,108.08,64.23,4.78,113.11,108.33
Notre Dame,ACC,9.46,117.47,108.01,67.34,10.56,115.23,104.67
Wyoming,Mountain West,9.24,116.05,106.81,66.72,4.05,112.83,108.78
Mississippi State,SEC,9.04,115.23,106.19,69.85,15.14,119.83,104.7
Akron,MAC,8.5,117.38,108.88,70.76,-6.93,107.71,114.64
High Point,Big South,8.48,117.44,108.96,70.5,-11.78,103.95,115.73
Illinois State,MVC,8.41,110.53,102.12,67.04,-0.24,110.34,110.58
South Carolina,SEC,8.36,113.02,104.66,67.15,9.87,117.42,107.55
Pittsburgh,ACC,8.27,115.3,107.03,64.22,10.61,116.15,105.53
Utah,Big 12,7.7,117.23,109.53,67.49,13.33,116.97,103.64
DePaul,Big East,7.19,107.21,100.02,66.88,6.68,113.81,107.13
George Mason,A-10,6.77,113.39,106.62,63.95,0.2,110.49,110.28
Utah Valley,WAC,6.42,112.74,106.32,68.99,-3.68,106.56,110.24
Yale,Ivy,6.36,119.34,112.98,65.43,-6.48,107.23,113.71
UNLV,Mountain West,6.21,115.29,109.08,70.38,6.51,113.59,107.08
Miami (OH),MAC,5.38,118.58,113.2,70.14,-7.06,107.37,114.42
Pacific,WCC,4.55,111.61,107.06,64.65,2.18,110.83,108.65
San Francisco,WCC,4.2,114.87,110.68,66.37,3.14,111.13,107.99
Hawai'i,Big West,4.17,107.19,103.02,69.8,-5.62,106.32,111.94
Seattle U,WCC,4.05,103.16,99.11,68.48,2.02,111.7,109.68
Rutgers,Big Ten,4.01,111.72,107.71,67.42,11.27,116.15,104.88
Maryland,Big Ten,3.86,111.19,107.34,66.52,15.12,119.16,104.04
California Baptist,WAC,3.76,106.23,102.47,66.48,-5.33,106.47,111.8
Fresno State,Mountain West,3.5,109.44,105.95,67.55,5.68,113.56,107.89
Memphis,American,3.45,109.36,105.91,70.21,6.14,113.9,107.76
Richmond,A-10,3.13,111.9,108.77,68.5,-2.26,108.67,110.93
Hofstra,CAA,3.12,112.47,109.35,65.09,-5.27,106.67,111.95
Stephen F. Austin,Southland,3.1,110.15,107.05,66.27,-7.65,105.1,112.75
UIC,MVC,3.02,110.35,107.33,66.98,-0.5,109.53,110.03
UC Irvine,Big West,2.93,104.11,101.18,68.93,-4.02,107.19,111.21
North Texas,American,2.86,106.39,103.52,65.53,-0.77,110.54,111.31
UAB,American,2.83,110.08,107.24,69.82,-3.89,108.39,112.28
Florida Atlantic,American,2.67,110.34,107.67,70.45,1.58,110.73,109.16
Davidson,A-10,2.61,109.53,106.92,64.22,1.88,110.4,108.52
Murray State,MVC,2.31,114.37,112.06,72.06,-1.72,109.02,110.74
Saint Joseph's,A-10,2.31,107.09,104.78,69.02,-0.12,109.47,109.59
Bradley,MVC,2.28,114.34,112.05,68.0,-1.3,108.11,109.41
Duquesne,A-10,2.23,112.49,110.26,69.08,0.7,110.18,109.48
Penn State,Big Ten,2.2,113.66,111.45,68.22,11.73,117.64,105.91
Southern Illinois,MVC,2.12,104.54,102.42,69.61,-1.18,108.95,110.13
Sam Houston,CUSA,2.09,111.37,109.28,70.94,-2.22,109.61,111.83
Washington State,WCC,1.9,113.28,111.38,68.63,4.58,111.75,107.17
Rhode Island,A-10,1.9,107.06,105.16,66.59,-1.42,109.09,110.51
Liberty,CUSA,1.69,116.08,114.39,64.62,-3.86,107.64,111.49
UNC Wilmington,CAA,1.42,109.39,107.97,65.58,-8.58,105.39,113.97
St. Thomas-Minnesota,Summit,1.25,111.27,110.03,68.83,-9.81,105.92,115.73
St. Bonaventure,A-10,1.04,114.81,113.77,67.57,-1.02,108.55,109.58
Boston College,ACC,0.87,103.77,102.9,66.76,4.95,112.94,108.0
UC San Diego,Big West,0.86,105.84,104.98,67.79,-4.96,106.59,111.54
Georgia Tech,ACC,0.09,105.9,105.81,71.5,3.62,111.35,107.73
North Dakota State,Summit,-0.22,109.9,110.13,67.45,-8.93,105.37,114.29
UT Rio Grande Valley,Southland,-0.39,107.69,108.08,67.89,-4.65,106.97,111.62
Temple,American,-0.48,111.6,112.08,65.14,-3.57,107.56,111.14
UC Santa Barbara,Big West,-0.88,113.84,114.73,65.1,-5.14,105.86,111.0
Montana State,Big Sky,-1.36,111.14,112.49,66.55,-4.43,109.47,113.9
East Tennessee State,SoCon,-1.69,108.35,110.04,66.57,-12.71,105.15,117.86
Middle Tennessee,CUSA,-1.94,111.42,113.36,66.16,-0.32,109.56,109.89
Oregon State,WCC,-2.06,110.45,112.51,65.6,3.17,110.96,107.79
William & Mary,CAA,-2.13,108.31,110.44,73.25,-6.86,106.56,113.42
Portland State,Big Sky,-2.14,103.65,105.78,68.46,-6.61,108.72,115.33
Idaho,Big Sky,-2.18,107.77,109.95,67.66,-5.63,108.34,113.97
Charlotte,American,-2.19,114.25,116.44,63.86,-0.21,109.81,110.01
Loyola Marymount,WCC,-2.2,105.93,108.13,67.59,-0.55,109.98,110.53
Kennesaw State,CUSA,-2.25,109.14,111.39,71.6,-3.41,108.09,111.51
Valparaiso,MVC,-2.29,107.49,109.77,65.86,-1.04,108.93,109.97
Toledo,MAC,-2.41,111.81,114.22,68.43,-4.2,109.26,113.46
Fordham,A-10,-2.85,102.22,105.08,65.12,-5.57,106.51,112.08
Northern Colorado,Big Sky,-2.86,112.9,115.76,69.04,-6.28,107.7,113.99
Bowling Green,MAC,-2.92,104.36,107.29,68.79,-8.71,106.46,115.17
Troy,Sun Belt,-2.98,112.52,115.5,65.71,-7.97,106.23,114.2
New Mexico State,CUSA,-3.04,109.4,112.44,67.22,-5.25,106.88,112.14
Kent State,MAC,-3.04,111.0,114.04,70.94,-6.09,108.08,114.17
Drake,MVC,-3.04,110.74,113.78,67.89,-0.09,108.96,109.05
Wright State,Horizon,-3.19,110.43,113.62,67.4,-7.73,108.36,116.09
Charleston,CAA,-3.31,106.81,110.12,68.03,-6.5,107.14,113.64
UC Davis,Big West,-3.68,106.69,110.37,69.57,-3.17,107.29,110.45
Arkansas State,Sun Belt,-3.69,109.57,113.25,72.97,-8.43,105.93,114.37
Austin Peay,ASUN,-4.03,106.15,110.18,68.98,-11.8,106.4,118.21
Winthrop,Big South,-4.14,108.59,112.73,70.71,-8.07,106.71,114.78
Western Kentucky,CUSA,-4.16,107.72,111.88,70.17,-4.01,108.78,112.78
Pennsylvania,Ivy,-4.19,106.71,110.9,69.66,-3.34,109.06,112.4
Oakland,Horizon,-4.25,112.82,117.07,70.33,-2.78,110.0,112.78
Robert Morris,Horizon,-4.33,110.53,114.86,65.22,-8.61,107.46,116.07
Towson,CAA,-4.51,101.77,106.27,64.5,-3.95,108.48,112.43
Cal State Fullerton,Big West,-4.56,107.32,111.88,72.85,-2.49,108.19,110.68
UT Arlington,WAC,-4.7,100.08,104.78,65.48,-4.52,106.99,111.51
Furman,SoCon,-4.79,106.76,111.55,66.74,-9.8,107.13,116.93
Mercer,SoCon,-4.82,109.31,114.13,69.6,-9.75,107.06,116.81
Central Arkansas,ASUN,-4.85,107.83,112.68,68.62,-9.44,107.88,117.32
Navy,Patriot,-4.93,104.29,109.22,65.83,-16.44,101.54,117.98
Tulane,American,-4.95,107.28,112.23,67.76,0.13,109.29,109.16
Cal State Northridge,Big West,-5.19,107.21,112.4,73.74,-4.24,106.66,110.89
Massachusetts,MAC,-5.24,110.02,115.26,70.64,-7.9,107.0,114.9
Indiana State,MVC,-5.3,106.62,111.92,68.62,-0.47,108.39,108.85
San José State,Mountain West,-5.3,112.52,117.82,64.91,6.84,114.33,107.5
Florida International,CUSA,-5.31,106.77,112.08,72.31,-3.02,109.14,112.16
Portland,WCC,-5.63,104.76,110.38,68.82,2.89,111.39,108.5
Harvard,Ivy,-5.79,105.18,110.97,63.63,-8.98,106.25,115.23
Marshall,Sun Belt,-5.81,108.99,114.8,70.37,-9.86,105.9,115.76
Louisiana Tech,CUSA,-5.82,101.25,107.07,64.83,-6.75,107.27,114.02
Missouri State,CUSA,-5.95,109.87,115.82,65.46,-4.6,107.55,112.15
Monmouth,CAA,-6.11,105.19,111.29,67.46,-7.02,105.17,112.2
Eastern Washington,Big Sky,-6.27,111.62,117.9,68.25,-2.51,109.12,111.63
Columbia,Ivy,-6.28,107.68,113.97,67.78,-9.62,105.95,115.57
Northern Kentucky,Horizon,-6.53,108.13,114.66,70.18,-9.77,107.86,117.62
Montana,Big Sky,-6.54,104.29,110.83,69.83,-3.16,110.04,113.2
Utah Tech,WAC,-6.68,111.31,117.99,67.4,-2.3,106.41,108.71
Cornell,Ivy,-6.76,116.8,123.56,72.06,-6.52,107.25,113.77
Rice,American,-6.83,108.82,115.65,66.64,-1.48,109.02,110.5
Texas A&M-Corpus Christi,Southland,-6.92,99.97,106.89,67.0,-4.09,107.34,111.44
Weber State,Big Sky,-7.01,110.1,117.11,68.95,-5.87,107.23,113.1
Jacksonville State,CUSA,-7.13,103.78,110.91,65.31,-6.8,106.56,113.36
South Alabama,Sun Belt,-7.24,107.52,114.76,65.91,-9.08,106.13,115.2
Marist,MAAC,-7.3,97.29,104.58,67.02,-16.12,101.56,117.69
Campbell,CAA,-7.46,107.71,115.18,70.55,-2.72,108.25,110.97
South Dakota State,Summit,-7.55,106.73,114.27,67.52,-6.31,106.62,112.93
Buffalo,MAC,-7.56,110.98,118.54,67.01,-8.24,106.19,114.43
App State,Sun Belt,-7.69,103.84,111.53,63.69,-10.52,105.59,116.11
Queens University,ASUN,-7.69,114.63,122.32,70.11,-7.87,108.35,116.21
Siena,MAAC,-7.81,104.76,112.57,65.03,-14.97,101.34,116.31
Cal Poly,Big West,-7.86,108.45,116.32,74.12,-2.62,107.23,109.85
San Diego,WCC,-7.9,107.19,115.09,68.5,0.96,109.71,108.75
Youngstown State,Horizon,-8.01,103.78,111.8,67.58,-10.14,107.2,117.34
Lipscomb,ASUN,-8.15,103.02,111.17,70.64,-8.96,107.46,116.41
Drexel,CAA,-8.43,101.26,109.69,64.9,-9.85,104.04,113.89
La Salle,A-10,-8.67,102.95,111.62,66.73,3.51,111.0,107.49
Tarleton State,WAC,-8.98,104.02,112.99,70.15,-4.84,104.98,109.82
James Madison,Sun Belt,-9.35,107.84,117.19,66.65,-10.03,104.9,114.94
Elon,CAA,-9.68,111.93,121.62,67.26,-6.54,106.46,113.0
Howard,MEAC,-9.69,102.22,111.91,69.44,-17.01,100.42,117.42
East Carolina,American,-9.82,103.07,112.88,69.08,-1.09,110.21,111.3
Merrimack,MAAC,-9.82,102.9,112.73,63.74,-12.56,102.47,115.03
New Orleans,Southland,-9.86,106.94,116.8,70.55,-3.74,106.74,110.48
Ohio,MAC,-10.17,108.1,118.27,68.26,-6.02,106.98,113.01
Denver,Summit,-10.2,113.28,123.47,68.64,-3.67,109.12,112.78
UNC Asheville,Big South,-10.25,103.67,113.91,64.89,-8.66,106.8,115.46
Idaho State,Big Sky,-10.53,109.01,119.54,65.22,-4.64,107.7,112.34
Lamar,Southland,-10.6,101.91,112.51,66.35,-7.61,105.01,112.61
Long Beach State,Big West,-10.61,103.24,113.84,69.26,-1.95,107.94,109.88
Stony Brook,CAA,-10.71,104.3,115.01,67.11,-8.86,103.89,112.75
Old Dominion,Sun Belt,-10.87,103.92,114.79,69.43,-8.77,106.69,115.46
Southern Miss,Sun Belt,-10.88,102.92,113.79,69.55,-8.71,105.72,114.43
UTEP,CUSA,-10.99,101.3,112.29,65.62,-4.07,107.59,111.66
Samford,SoCon,-11.1,107.25,118.35,67.85,-12.0,105.28,117.28
Pepperdine,WCC,-11.12,105.73,116.85,68.32,1.63,110.07,108.44
UT Martin,OVC,-11.14,97.66,108.79,65.4,-15.4,100.56,115.97
Radford,Big South,-11.17,106.22,117.39,71.0,-11.37,104.64,116.02
UMBC,Am. East,-11.24,104.96,116.19,66.8,-20.99,98.58,119.57
Long Island University,NEC,-11.27,101.92,113.19,68.76,-12.97,103.19,116.16
Quinnipiac,MAAC,-11.48,102.61,114.08,70.09,-13.22,102.26,115.48
Detroit Mercy,Horizon,-11.53,104.43,115.97,68.91,-7.96,107.57,115.53
Tennessee State,OVC,-11.64,106.15,117.79,71.15,-13.47,101.3,114.76
Green Bay,Horizon,-11.67,108.9,120.57,63.61,-7.28,108.3,115.58
Eastern Michigan,MAC,-11.94,100.56,112.5,67.01,-5.37,107.78,113.14
Georgia Southern,Sun Belt,-12.06,107.95,120.01,70.84,-10.62,104.21,114.83
Florida Gulf Coast,ASUN,-12.18,105.03,117.21,67.9,-8.97,107.32,116.29
Abilene Christian,WAC,-12.22,97.7,109.93,68.17,-3.84,107.23,111.07
Western Carolina,SoCon,-12.39,106.95,119.34,68.12,-7.33,107.53,114.86
Charleston Southern,Big South,-12.47,104.76,117.23,71.95,-10.99,104.65,115.63
Sacramento State,Big Sky,-12.59,105.29,117.89,72.42,-2.85,109.49,112.35
Wofford,SoCon,-12.7,105.91,118.61,68.16,-11.87,106.33,118.2
UC Riverside,Big West,-13.1,101.18,114.28,69.0,-2.21,107.96,110.17
Nicholls,Southland,-13.11,102.88,116.0,68.77,-5.39,106.14,111.52
Coastal Carolina,Sun Belt,-13.34,102.06,115.4,67.09,-10.29,104.61,114.89
Omaha,Summit,-13.4,104.04,117.45,67.37,-7.61,106.73,114.34
Texas State,Sun Belt,-13.45,101.15,114.6,66.75,-12.13,103.68,115.81
Colgate,Patriot,-13.69,106.64,120.33,67.5,-13.33,104.15,117.48
Southeast Missouri State,OVC,-13.78,100.4,114.17,68.6,-14.35,101.38,115.72
Loyola Chicago,A-10,-13.85,103.44,117.29,65.91,1.0,109.9,108.89
Iona,MAAC,-14.22,101.92,116.15,69.84,-15.34,101.63,116.98
Incarnate Word,Southland,-14.25,105.64,119.89,65.44,-6.39,105.48,111.88
Milwaukee,Horizon,-14.32,105.03,119.35,67.76,-7.41,108.17,115.58
Purdue Fort Wayne,Horizon,-14.37,102.45,116.82,68.22,-6.55,108.81,115.36
Saint Peter's,MAAC,-14.4,101.62,116.01,65.69,-14.19,101.73,115.92
Dartmouth,Ivy,-14.51,103.04,117.55,69.55,-7.09,107.47,114.56
Vermont,Am. East,-14.59,103.71,118.3,65.12,-19.84,99.23,119.07
American University,Patriot,-14.76,102.06,116.82,67.51,-11.53,104.16,115.69
North Dakota,Summit,-14.86,104.63,119.5,67.53,-7.9,106.63,114.52
Longwood,Big South,-14.98,103.92,118.9,69.32,-14.65,101.99,116.65
Fairfield,MAAC,-15.02,102.81,117.83,67.8,-16.18,100.68,116.86
Presbyterian,Big South,-15.12,101.26,116.38,64.8,-9.19,105.74,114.93
Western Michigan,MAC,-15.22,104.88,120.1,68.26,-6.11,107.14,113.24
South Dakota,Summit,-15.33,104.75,120.08,70.64,-10.61,105.28,115.88
Southern Utah,WAC,-15.4,102.66,118.06,71.09,-1.89,107.39,109.29
Hampton,CAA,-15.47,100.48,115.95,66.09,-8.98,104.61,113.59
Northeastern,CAA,-15.56,104.54,120.1,70.31,-6.28,106.95,113.22
Boston University,Patriot,-15.84,109.67,125.52,63.33,-16.08,101.67,117.75
Delaware,CUSA,-15.99,104.09,120.08,63.49,-6.13,106.55,112.68
Lindenwood,OVC,-16.04,96.59,112.63,72.95,-14.38,100.98,115.36
SIU Edwardsville,OVC,-16.13,96.59,112.73,65.18,-18.11,99.45,117.57
SE Louisiana,Southland,-16.17,97.4,113.57,66.13,-7.7,104.85,112.55
Northwestern State,Southland,-16.17,100.67,116.84,65.22,-7.62,104.81,112.42
Central Michigan,MAC,-16.3,102.48,118.78,67.7,-6.65,106.7,113.35
Oral Roberts,Summit,-16.31,100.34,116.65,68.29,-5.91,108.54,114.45
Evansville,MVC,-16.47,99.29,115.76,67.56,2.74,110.99,108.25
North Carolina A&T,CAA,-16.5,102.38,118.88,69.42,-9.88,105.32,115.21
South Carolina Upstate,Big South,-16.6,99.31,115.91,68.37,-9.31,105.15,114.46
Bethune-Cookman,SWAC,-16.82,101.22,118.05,69.52,-11.47,103.9,115.37
Brown,Ivy,-16.84,95.61,112.45,67.52,-10.05,105.81,115.85
Princeton,Ivy,-17.14,101.29,118.43,64.16,-7.42,107.16,114.58
Mercyhurst,NEC,-17.15,99.0,116.15,65.18,-17.8,100.46,118.26
Chattanooga,SoCon,-17.21,102.85,120.06,67.73,-11.86,106.23,118.09
Houston Christian,Southland,-17.4,99.6,116.99,64.96,-8.56,105.22,113.78
Southern,SWAC,-17.42,102.67,120.08,70.36,-11.53,103.81,115.34
Le Moyne,NEC,-17.65,98.95,116.6,69.8,-16.92,101.23,118.15
Mount St. Mary's,MAAC,-17.69,95.76,113.45,68.71,-13.83,102.04,115.87
Northern Arizona,Big Sky,-17.72,101.92,119.64,64.65,-4.47,108.79,113.25
Eastern Kentucky,ASUN,-17.8,107.06,124.85,67.94,-9.44,107.15,116.59
Lehigh,Patriot,-18.01,100.59,118.6,67.36,-13.65,103.48,117.12
Grambling,SWAC,-18.32,94.09,112.42,67.73,-16.23,101.37,117.6
Bellarmine,ASUN,-18.4,112.48,130.88,64.64,-9.7,106.77,116.47
UNC Greensboro,SoCon,-18.58,107.19,125.76,68.28,-10.96,105.96,116.92
West Georgia,ASUN,-18.65,99.73,118.39,69.76,-10.99,107.8,118.79
Jacksonville,ASUN,-18.77,103.26,122.03,63.45,-8.62,107.2,115.82
Ball State,MAC,-18.88,94.81,113.69,64.23,-8.7,106.88,115.58
Georgia State,Sun Belt,-19.01,96.05,115.06,68.2,-8.97,105.39,114.35
East Texas A&M,Southland,-19.11,97.47,116.58,69.39,-5.46,106.27,111.73
IU Indianapolis,Horizon,-20.04,103.1,123.14,74.21,-8.84,107.19,116.03
Morehead State,OVC,-20.17,103.15,123.32,65.96,-13.99,101.48,115.47
Central Connecticut,NEC,-20.28,102.37,122.65,65.63,-18.3,99.67,117.97
Sacred Heart,MAAC,-20.36,104.48,124.84,68.92,-15.33,100.63,115.96
Louisiana,Sun Belt,-20.64,96.44,117.08,63.95,-9.76,104.65,114.41
Norfolk State,MEAC,-21.07,99.11,120.18,68.57,-17.27,99.67,116.94
UTSA,American,-21.09,97.37,118.46,68.94,0.89,110.4,109.51
Eastern Illinois,OVC,-21.13,94.73,115.87,66.53,-11.47,102.95,114.42
Stetson,ASUN,-21.56,100.98,122.54,67.7,-8.94,106.95,115.89
Cleveland State,Horizon,-21.69,105.97,127.66,69.95,-7.54,107.86,115.41
Cal State Bakersfield,Big West,-21.7,98.36,120.06,71.03,-5.28,105.95,111.23
Alabama A&M,SWAC,-21.91,98.85,120.75,66.0,-17.73,100.4,118.12
Northern Illinois,MAC,-22.17,95.43,117.59,67.89,-6.3,107.47,113.77
Prairie View A&M,SWAC,-22.34,97.64,119.98,70.74,-15.12,102.36,117.48
Tennessee Tech,OVC,-22.45,97.38,119.83,67.65,-14.48,100.86,115.34
Lafayette,Patriot,-22.54,97.7,120.24,66.69,-12.46,104.07,116.53
Alabama State,SWAC,-22.63,96.22,118.85,69.78,-14.19,101.47,115.66
Florida A&M,SWAC,-22.7,92.35,115.05,68.8,-15.24,102.82,118.06
Little Rock,OVC,-22.74,96.95,119.69,67.05,-13.62,100.88,114.5
Holy Cross,Patriot,-23.26,97.93,121.19,66.39,-12.3,104.45,116.75
Arkansas-Pine Bluff,SWAC,-23.34,99.62,122.96,69.6,-11.97,104.02,115.98
Wagner,NEC,-23.63,100.2,123.83,66.05,-16.78,100.27,117.04
Bucknell,Patriot,-23.98,93.54,117.51,67.78,-11.4,104.96,116.36
North Florida,ASUN,-24.06,104.01,128.07,70.97,-6.74,107.46,114.2
Air Force,Mountain West,-24.11,93.54,117.65,66.84,4.38,112.63,108.25
Texas Southern,SWAC,-24.14,100.62,124.76,68.72,-13.42,102.51,115.93
Loyola Maryland,Patriot,-24.15,99.79,123.94,69.53,-15.15,102.44,117.59
UMass Lowell,Am. East,-24.6,97.33,121.93,69.92,-16.27,101.88,118.15
New Haven,NEC,-24.9,92.14,117.04,63.98,-13.93,101.83,115.75
Southern Indiana,OVC,-25.0,92.39,117.39,68.69,-16.14,100.78,116.93
Stonehill,NEC,-25.42,91.32,116.75,66.12,-17.17,100.4,117.57
Fairleigh Dickinson,NEC,-25.47,96.39,121.86,64.44,-13.84,102.02,115.86
UAlbany,Am. East,-25.72,98.15,123.87,65.55,-15.72,101.8,117.52
Manhattan,MAAC,-25.98,101.8,127.78,68.6,-15.53,101.0,116.53
North Alabama,ASUN,-26.43,97.56,123.99,65.41,-10.34,107.14,117.48
NJIT,Am. East,-26.94,91.69,118.63,68.35,-15.78,100.87,116.65
Army,Patriot,-27.12,99.8,126.92,67.13,-13.92,103.46,117.39
The Citadel,SoCon,-27.2,99.52,126.73,65.41,-10.2,105.8,116.0
Maine,Am. East,-27.39,87.18,114.57,65.39,-17.58,100.85,118.43
Maryland Eastern Shore,MEAC,-28.13,92.24,120.38,63.92,-14.81,102.51,117.32
Niagara,MAAC,-28.22,95.17,123.39,62.99,-14.71,101.72,116.43
Canisius,MAAC,-28.45,91.67,120.12,64.79,-14.58,102.05,116.63
New Hampshire,Am. East,-28.73,94.96,123.69,67.74,-16.34,101.12,117.45
Chicago State,NEC,-29.0,95.94,124.95,66.27,-10.43,103.4,113.83
UL Monroe,Sun Belt,-29.34,98.38,127.72,70.65,-9.48,104.67,114.15
Jackson State,SWAC,-29.93,95.98,125.91,70.36,-10.64,104.07,114.71
North Carolina Central,MEAC,-30.31,96.91,127.21,66.35,-15.72,100.78,116.5
Morgan State,MEAC,-30.69,96.3,126.99,70.62,-18.26,98.97,117.23
Kansas City,Summit,-31.15,90.9,122.05,70.42,-6.39,107.99,114.38
St. Francis (PA),NEC,-31.16,95.99,127.15,70.75,-11.78,103.64,115.42
Rider,MAAC,-32.21,92.79,125.0,65.99,-10.31,103.89,114.2
Alcorn State,SWAC,-32.8,92.62,125.42,68.11,-11.84,103.53,115.36
VMI,SoCon,-32.97,93.86,126.83,67.69,-10.62,106.63,117.25
Bryant,Am. East,-33.46,92.05,125.52,64.64,-14.45,101.45,115.9
South Carolina State,MEAC,-33.55,92.2,125.75,68.54,-16.45,101.34,117.79
Gardner-Webb,Big South,-33.64,92.18,125.82,70.21,-4.28,108.38,112.66
Delaware State,MEAC,-35.45,84.46,119.92,65.88,-17.7,100.72,118.42
Binghamton,Am. East,-37.25,94.93,132.18,65.66,-19.8,99.2,118.99
Western Illinois,OVC,-37.28,91.18,128.46,66.43,-15.38,100.95,116.33
Coppin State,MEAC,-39.66,87.15,126.81,69.2,-13.53,102.21,115.74
Mississippi Valley State,SWAC,-45.62,85.15,130.78,67.78,-13.73,102.81,116.54
